data,d,T,noise,prior_acc,seed,variant,variant_name,tau,time,auroc,auprc,f1_opt,shd_norm,f1_topk
lorenz96,10,2000,lorenz,0.3,0,C,FullModel,0.5560513734817505,1.0172700881958008,1.0,0.9999999999999999,0.9999999999994666,0.0,0.9999999999994666
lorenz96,10,2000,lorenz,0.3,0,F,HardMask,,27.847691297531128,0.3933333333333333,0.3412551518924068,0.49999999999961664,0.6666666666666666,0.3333333333328223
lorenz96,10,2000,lorenz,0.3,0,A,NoPrior,1.0,0.9992811679840088,0.9961111111111112,0.992953431372549,0.9655172413787777,0.022222222222222223,0.9333333333328022
lorenz96,10,2000,lorenz,0.6,0,C,FullModel,0.14861661195755005,1.0130829811096191,1.0,0.9999999999999999,0.9999999999994666,0.0,0.9999999999994666
lorenz96,10,2000,lorenz,0.6,0,F,HardMask,,26.217605113983154,0.7305555555555554,0.6668842090416326,0.7169811320749533,0.16666666666666666,0.6333333333328122
lorenz96,10,2000,lorenz,0.6,0,A,NoPrior,1.0,1.0005452632904053,0.9961111111111112,0.992953431372549,0.9655172413787777,0.022222222222222223,0.9333333333328022
lorenz96,10,2000,lorenz,0.9,0,C,FullModel,0.7644901871681213,1.0163688659667969,1.0,0.9999999999999999,0.9999999999994666,0.0,0.9999999999994666
lorenz96,10,2000,lorenz,0.9,0,F,HardMask,,23.871668577194214,0.9772222222222222,0.9661234969058557,0.9666666666661344,0.022222222222222223,0.9666666666661344
lorenz96,10,2000,lorenz,0.9,0,A,NoPrior,1.0,1.0001375675201416,0.9961111111111112,0.992953431372549,0.9655172413787777,0.022222222222222223,0.9333333333328022
lorenz96,10,2000,lorenz,0.3,1,C,FullModel,0.05000000074505806,1.0193507671356201,1.0,0.9999999999999999,0.9999999999994666,0.0,0.9999999999994666
lorenz96,10,2000,lorenz,0.3,1,F,HardMask,,27.862149000167847,0.4355555555555556,0.4115448357647846,0.49999999999961664,0.6666666666666666,0.39999999999948677
lorenz96,10,2000,lorenz,0.3,1,A,NoPrior,1.0,0.9997212886810303,0.9916666666666667,0.9844174192665573,0.9333333333328022,0.044444444444444446,0.9333333333328022
lorenz96,10,2000,lorenz,0.6,1,C,FullModel,0.19810330867767334,1.015531063079834,1.0,0.9999999999999999,0.9999999999994666,0.0,0.9999999999994666
lorenz96,10,2000,lorenz,0.6,1,F,HardMask,,27.8738112449646,0.8152777777777778,0.7768883346393832,0.7692307692302515,0.13333333333333333,0.7333333333328089
lorenz96,10,2000,lorenz,0.6,1,A,NoPrior,1.0,0.9980523586273193,0.9916666666666667,0.9844174192665573,0.9333333333328022,0.044444444444444446,0.9333333333328022
lorenz96,10,2000,lorenz,0.9,1,C,FullModel,0.11152967810630798,1.016948938369751,1.0,0.9999999999999999,0.9999999999994666,0.0,0.9999999999994666
lorenz96,10,2000,lorenz,0.9,1,F,HardMask,,27.854395627975464,0.9611111111111111,0.9486535303776683,0.9333333333328022,0.044444444444444446,0.9333333333328022
lorenz96,10,2000,lorenz,0.9,1,A,NoPrior,1.0,0.9999475479125977,0.9916666666666667,0.9844174192665573,0.9333333333328022,0.044444444444444446,0.9333333333328022
lorenz96,10,2000,lorenz,0.3,2,C,FullModel,0.5641129016876221,1.0182209014892578,1.0,0.9999999999999999,0.9999999999994666,0.0,0.9999999999994666
lorenz96,10,2000,lorenz,0.3,2,F,HardMask,,27.87003993988037,0.47194444444444444,0.39102921497529336,0.49999999999961664,0.6666666666666666,0.4333333333328189
lorenz96,10,2000,lorenz,0.3,2,A,NoPrior,1.0,0.9989938735961914,0.995,0.9907312091503269,0.9473684210520997,0.03333333333333333,0.9333333333328022
lorenz96,10,2000,lorenz,0.6,2,C,FullModel,0.8997815847396851,1.0158848762512207,1.0,0.9999999999999999,0.9999999999994666,0.0,0.9999999999994666
lorenz96,10,2000,lorenz,0.6,2,F,HardMask,,27.66624927520752,0.7166666666666667,0.5185594620950658,0.6551724137925815,0.2222222222222222,0.6333333333328122
lorenz96,10,2000,lorenz,0.6,2,A,NoPrior,1.0,0.9862816333770752,0.995,0.9907312091503269,0.9473684210520997,0.03333333333333333,0.9333333333328022
lorenz96,10,2000,lorenz,0.9,2,C,FullModel,0.32099974155426025,1.00349760055542,1.0,0.9999999999999999,0.9999999999994666,0.0,0.9999999999994666
lorenz96,10,2000,lorenz,0.9,2,F,HardMask,,27.66275954246521,0.9758333333333333,0.9592632908351233,0.9666666666661344,0.022222222222222223,0.9666666666661344
lorenz96,10,2000,lorenz,0.9,2,A,NoPrior,1.0,0.9965777397155762,0.995,0.9907312091503269,0.9473684210520997,0.03333333333333333,0.9333333333328022
lorenz96,10,2000,lorenz,0.3,3,C,FullModel,0.16989997029304504,1.014402151107788,1.0,0.9999999999999999,0.9999999999994666,0.0,0.9999999999994666
lorenz96,10,2000,lorenz,0.3,3,F,HardMask,,27.591921091079712,0.4605555555555555,0.44194973327326265,0.49999999999961664,0.6666666666666666,0.3666666666661545
lorenz96,10,2000,lorenz,0.3,3,A,NoPrior,1.0,0.988823413848877,0.9855555555555555,0.9770055480581796,0.9473684210520997,0.03333333333333333,0.89999999999947
lorenz96,10,2000,lorenz,0.6,3,C,FullModel,0.05000000074505806,1.0035343170166016,1.0,0.9999999999999999,0.9999999999994666,0.0,0.9999999999994666
lorenz96,10,2000,lorenz,0.6,3,F,HardMask,,27.559160470962524,0.7422222222222221,0.673911659195513,0.6909090909085699,0.18888888888888888,0.6666666666661445
lorenz96,10,2000,lorenz,0.6,3,A,NoPrior,1.0,0.9965097904205322,0.9855555555555555,0.9770055480581796,0.9473684210520997,0.03333333333333333,0.89999999999947
lorenz96,10,2000,lorenz,0.9,3,C,FullModel,0.48109081387519836,1.0141944885253906,1.0,0.9999999999999999,0.9999999999994666,0.0,0.9999999999994666
lorenz96,10,2000,lorenz,0.9,3,F,HardMask,,27.796465158462524,0.9261111111111111,0.9049276895943562,0.8965517241374008,0.06666666666666667,0.8666666666661378
lorenz96,10,2000,lorenz,0.9,3,A,NoPrior,1.0,0.9898519515991211,0.9855555555555555,0.9770055480581796,0.9473684210520997,0.03333333333333333,0.89999999999947
lorenz96,10,2000,lorenz,0.3,4,C,FullModel,0.7332069277763367,1.0046322345733643,1.0,0.9999999999999999,0.9999999999994666,0.0,0.9999999999994666
lorenz96,10,2000,lorenz,0.3,4,F,HardMask,,27.6608989238739,0.28055555555555556,0.3215577680347501,0.49999999999961664,0.6666666666666666,0.16666666666616115
lorenz96,10,2000,lorenz,0.3,4,A,NoPrior,1.0,0.9912359714508057,0.9944444444444444,0.9888898417393042,0.9523809523804232,0.03333333333333333,0.9333333333328022
lorenz96,10,2000,lorenz,0.6,4,C,FullModel,0.753959059715271,1.0056335926055908,1.0,0.9999999999999999,0.9999999999994666,0.0,0.9999999999994666
lorenz96,10,2000,lorenz,0.6,4,F,HardMask,,27.591768264770508,0.7272222222222222,0.6641551647726098,0.6909090909085699,0.18888888888888888,0.6333333333328122
lorenz96,10,2000,lorenz,0.6,4,A,NoPrior,1.0,0.9883058071136475,0.9944444444444444,0.9888898417393042,0.9523809523804232,0.03333333333333333,0.9333333333328022
lorenz96,10,2000,lorenz,0.9,4,C,FullModel,0.7218931913375854,1.0062782764434814,1.0,0.9999999999999999,0.9999999999994666,0.0,0.9999999999994666
lorenz96,10,2000,lorenz,0.9,4,F,HardMask,,27.79716396331787,0.9394444444444444,0.9282929046262379,0.9310344827580892,0.044444444444444446,0.89999999999947
lorenz96,10,2000,lorenz,0.9,4,A,NoPrior,1.0,0.9933900833129883,0.9944444444444444,0.9888898417393042,0.9523809523804232,0.03333333333333333,0.9333333333328022
