data,d,T,noise,prior_acc,seed,variant,variant_name,tau,time,w0_auroc,w0_auprc,w0_f1,w0_shd_norm,comb_auroc,comb_auprc,comb_f1,comb_shd_norm,experiment,auroc,auprc,f1_opt,shd_norm,f1_topk,target,top_m,n_features,rmse,mae
synthetic,10.0,500.0,gaussian,0.3,0,C,FullModel,0.6727486848831177,34.22279930114746,0.2375215146299484,0.05790354370787244,0.1443298969070796,0.9222222222222223,0.6033834586466165,0.23205433229133784,0.3846153846149763,0.35555555555555557,synthetic,,,,,,,,,,
synthetic,10.0,500.0,gaussian,0.3,0,F,HardMask,,28.698469638824463,0.2745266781411359,0.06475468975468976,0.1443298969070796,0.9222222222222223,0.2532894736842105,0.13309853220567508,0.2692307692305311,0.8444444444444444,synthetic,,,,,,,,,,
synthetic,10.0,500.0,gaussian,0.3,0,A,NoPrior,1.0,32.533408641815186,0.8932874354561101,0.7995052566481138,0.8571428571422346,0.022222222222222223,0.8984962406015038,0.7903197055922866,0.8148148148142551,0.05555555555555555,synthetic,,,,,,,,,,
synthetic,10.0,500.0,gaussian,0.3,1,C,FullModel,0.3573785126209259,34.159348249435425,0.8140243902439024,0.5166998995628027,0.7499999999994063,0.044444444444444446,0.7798369162342476,0.513762565886172,0.5777777777772641,0.2111111111111111,synthetic,,,,,,,,,,
synthetic,10.0,500.0,gaussian,0.3,1,F,HardMask,,28.870222330093384,0.3871951219512195,0.11862373737373738,0.24999999999946876,0.13333333333333333,0.3891771682727947,0.23320307347315655,0.348623853210715,0.7888888888888889,synthetic,,,,,,,,,,
synthetic,10.0,500.0,gaussian,0.3,1,A,NoPrior,1.0,35.98085021972656,1.0,1.0,0.9999999999993749,0.0,0.8732394366197183,0.7832809977017643,0.7142857142851848,0.13333333333333333,synthetic,,,,,,,,,,
synthetic,10.0,500.0,gaussian,0.3,2,C,FullModel,0.4677194654941559,33.71338987350464,0.49709302325581395,0.16210360852925096,0.33333333333277776,0.044444444444444446,0.6456766917293233,0.29369443583237376,0.3829787234038208,0.32222222222222224,synthetic,,,,,,,,,,
synthetic,10.0,500.0,gaussian,0.3,2,F,HardMask,,29.435150861740112,0.4026162790697674,0.2833333333333333,0.39999999999952,0.03333333333333333,0.37030075187969924,0.22977994227994228,0.2692307692305311,0.8444444444444444,synthetic,,,,,,,,,,
synthetic,10.0,500.0,gaussian,0.3,2,A,NoPrior,1.0,35.48132252693176,0.4680232558139535,0.16006698646299056,0.33333333333277776,0.044444444444444446,0.6278195488721804,0.2771201315896616,0.3809523809519184,0.28888888888888886,synthetic,,,,,,,,,,
synthetic,10.0,500.0,gaussian,0.3,3,C,FullModel,0.3826045095920563,37.35167479515076,0.8201219512195121,0.5176587301587301,0.7499999999994063,0.044444444444444446,0.8505639097744361,0.6194573152171864,0.7586206896546206,0.07777777777777778,synthetic,,,,,,,,,,
synthetic,10.0,500.0,gaussian,0.3,3,F,HardMask,,30.047194719314575,0.3780487804878049,0.10907935233507293,0.18181818181775208,0.1,0.42293233082706766,0.16611337096789858,0.2692307692305311,0.8444444444444444,synthetic,,,,,,,,,,
synthetic,10.0,500.0,gaussian,0.3,3,A,NoPrior,1.0,37.28782629966736,0.7423780487804879,0.34347142584500184,0.5882352941170795,0.07777777777777778,0.7396616541353384,0.4183443530065134,0.588235294117128,0.15555555555555556,synthetic,,,,,,,,,,
synthetic,10.0,500.0,gaussian,0.3,4,C,FullModel,0.42684444785118103,40.56337237358093,0.6534090909090909,0.2661290322580645,0.49999999999924993,0.022222222222222223,0.9769850402761795,0.7584891118982028,0.8181818181812437,0.044444444444444446,synthetic,,,,,,,,,,
synthetic,10.0,500.0,gaussian,0.3,4,F,HardMask,,33.91655945777893,0.18181818181818182,0.022222222222222223,0.04347826086952174,0.9777777777777777,0.22784810126582275,0.15656565656565657,0.21782178217801942,0.8777777777777778,synthetic,,,,,,,,,,
synthetic,10.0,500.0,gaussian,0.3,4,A,NoPrior,1.0,38.863542556762695,0.26136363636363635,0.02239819004524887,0.056338028168957735,0.7444444444444445,0.9090909090909091,0.626263306302832,0.8181818181812437,0.044444444444444446,synthetic,,,,,,,,,,
synthetic,10.0,500.0,gaussian,0.6,0,C,FullModel,0.8562511205673218,37.691439628601074,0.5938037865748709,0.3487389620283735,0.42857142857086733,0.08888888888888889,0.7330827067669173,0.446593155281903,0.5925925925920493,0.12222222222222222,synthetic,,,,,,,,,,
synthetic,10.0,500.0,gaussian,0.6,0,F,HardMask,,31.235754251480103,0.5438898450946643,0.12529761904761905,0.2352941176465467,0.14444444444444443,0.6193609022556391,0.2583333333333333,0.3999999999994972,0.23333333333333334,synthetic,,,,,,,,,,
synthetic,10.0,500.0,gaussian,0.6,0,A,NoPrior,1.0,35.53621983528137,0.8932874354561101,0.7995052566481138,0.8571428571422346,0.022222222222222223,0.8984962406015038,0.7903197055922866,0.8148148148142551,0.05555555555555555,synthetic,,,,,,,,,,
synthetic,10.0,500.0,gaussian,0.6,1,C,FullModel,0.7445982098579407,35.1345751285553,0.8201219512195121,0.5176587301587301,0.7499999999994063,0.044444444444444446,0.8035581912527798,0.5343180853227297,0.6046511627901762,0.18888888888888888,synthetic,,,,,,,,,,
synthetic,10.0,500.0,gaussian,0.6,1,F,HardMask,,30.22386622428894,0.7179878048780488,0.29806533072662106,0.4210526315784155,0.12222222222222222,0.7383246849518162,0.45088645316973486,0.5945945945940628,0.16666666666666666,synthetic,,,,,,,,,,
synthetic,10.0,500.0,gaussian,0.6,1,A,NoPrior,1.0,36.17603921890259,1.0,1.0,0.9999999999993749,0.0,0.8732394366197183,0.7832809977017643,0.7142857142851848,0.13333333333333333,synthetic,,,,,,,,,,
synthetic,10.0,500.0,gaussian,0.6,2,C,FullModel,0.7228004932403564,37.181721210479736,0.5377906976744186,0.1650681987173529,0.33333333333277776,0.044444444444444446,0.6578947368421053,0.3137524350795188,0.39130434782564644,0.3111111111111111,synthetic,,,,,,,,,,
synthetic,10.0,500.0,gaussian,0.6,2,F,HardMask,,31.51322650909424,0.6540697674418605,0.5222222222222221,0.6666666666659999,0.022222222222222223,0.8101503759398496,0.6178048142333855,0.5714285714280588,0.16666666666666666,synthetic,,,,,,,,,,
synthetic,10.0,500.0,gaussian,0.6,2,A,NoPrior,1.0,35.66578817367554,0.4680232558139535,0.16006698646299056,0.33333333333277776,0.044444444444444446,0.6278195488721804,0.2771201315896616,0.3809523809519184,0.28888888888888886,synthetic,,,,,,,,,,
synthetic,10.0,500.0,gaussian,0.6,3,C,FullModel,0.9140329360961914,33.85008978843689,0.7682926829268293,0.45950540963197667,0.6666666666660799,0.05555555555555555,0.7810150375939849,0.5522196325321783,0.689655172413246,0.1,synthetic,,,,,,,,,,
synthetic,10.0,500.0,gaussian,0.6,3,F,HardMask,,30.699689626693726,0.6928353658536586,0.3326264880952381,0.5333333333327644,0.07777777777777778,0.6607142857142858,0.35722569673030496,0.5217391304342609,0.12222222222222222,synthetic,,,,,,,,,,
synthetic,10.0,500.0,gaussian,0.6,3,A,NoPrior,1.0,37.715622663497925,0.7423780487804879,0.34347142584500184,0.5882352941170795,0.07777777777777778,0.7396616541353384,0.4183443530065134,0.588235294117128,0.15555555555555556,synthetic,,,,,,,,,,
synthetic,10.0,500.0,gaussian,0.6,4,C,FullModel,0.9200349450111389,36.79531645774841,0.6761363636363636,0.2672413793103448,0.49999999999924993,0.022222222222222223,0.9815880322209436,0.7778072937163846,0.8695652173907297,0.03333333333333333,synthetic,,,,,,,,,,
synthetic,10.0,500.0,gaussian,0.6,4,F,HardMask,,30.234589099884033,0.6619318181818181,0.2611111111111111,0.49999999999924993,0.022222222222222223,0.6352128883774454,0.3893939393939394,0.5555555555550185,0.08888888888888889,synthetic,,,,,,,,,,
synthetic,10.0,500.0,gaussian,0.6,4,A,NoPrior,1.0,33.4526002407074,0.26136363636363635,0.02239819004524887,0.056338028168957735,0.7444444444444445,0.9090909090909091,0.626263306302832,0.8181818181812437,0.044444444444444446,synthetic,,,,,,,,,,
synthetic,10.0,500.0,gaussian,0.9,0,C,FullModel,1.462157964706421,34.26502561569214,1.0,1.0,0.9999999999993572,0.0,0.981203007518797,0.9432129173508483,0.923076923076355,0.022222222222222223,synthetic,,,,,,,,,,
synthetic,10.0,500.0,gaussian,0.9,0,F,HardMask,,30.276911973953247,1.0,1.0,0.9999999999993572,0.0,0.9586466165413533,0.920795177045177,0.8888888888883236,0.03333333333333333,synthetic,,,,,,,,,,
synthetic,10.0,500.0,gaussian,0.9,0,A,NoPrior,1.0,33.791078329086304,0.8932874354561101,0.7995052566481138,0.8571428571422346,0.022222222222222223,0.8984962406015038,0.7903197055922866,0.8148148148142551,0.05555555555555555,synthetic,,,,,,,,,,
synthetic,10.0,500.0,gaussian,0.9,1,C,FullModel,1.5456082820892334,38.50630187988281,1.0,1.0,0.9999999999993749,0.0,0.9036323202372127,0.8353897507006798,0.799999999999458,0.07777777777777778,synthetic,,,,,,,,,,
synthetic,10.0,500.0,gaussian,0.9,1,F,HardMask,,31.493049383163452,1.0,1.0,0.9999999999993749,0.0,0.9888806523350631,0.9599679345422378,0.8999999999994563,0.044444444444444446,synthetic,,,,,,,,,,
synthetic,10.0,500.0,gaussian,0.9,1,A,NoPrior,1.0,35.364662647247314,1.0,1.0,0.9999999999993749,0.0,0.8732394366197183,0.7832809977017643,0.7142857142851848,0.13333333333333333,synthetic,,,,,,,,,,
synthetic,10.0,500.0,gaussian,0.9,2,C,FullModel,1.3838608264923096,38.85109090805054,0.8604651162790697,0.7692307692307692,0.8571428571421223,0.011111111111111112,0.8458646616541353,0.6408793379890363,0.5789473684205567,0.17777777777777778,synthetic,,,,,,,,,,
synthetic,10.0,500.0,gaussian,0.9,2,F,HardMask,,0.8039045333862305,1.0,1.0,0.9999999999992499,0.0,0.9981203007518797,0.9901360544217687,0.9655172413787443,0.011111111111111112,synthetic,,,,,,,,,,
synthetic,10.0,500.0,gaussian,0.9,2,A,NoPrior,1.0,35.19563007354736,0.4680232558139535,0.16006698646299056,0.33333333333277776,0.044444444444444446,0.6278195488721804,0.2771201315896616,0.3809523809519184,0.28888888888888886,synthetic,,,,,,,,,,
synthetic,10.0,500.0,gaussian,0.9,3,C,FullModel,1.4556658267974854,38.158299684524536,1.0,1.0,0.9999999999993749,0.0,0.9511278195488722,0.9437229437229437,0.9629629629623923,0.011111111111111112,synthetic,,,,,,,,,,
synthetic,10.0,500.0,gaussian,0.9,3,F,HardMask,,0.8022937774658203,1.0,1.0,0.9999999999993749,0.0,0.9210526315789473,0.8691609977324262,0.8799999999994369,0.03333333333333333,synthetic,,,,,,,,,,
synthetic,10.0,500.0,gaussian,0.9,3,A,NoPrior,1.0,33.16368269920349,0.7423780487804879,0.34347142584500184,0.5882352941170795,0.07777777777777778,0.7396616541353384,0.4183443530065134,0.588235294117128,0.15555555555555556,synthetic,,,,,,,,,,
synthetic,10.0,500.0,gaussian,0.9,4,C,FullModel,1.1794567108154297,38.734291553497314,0.6761363636363636,0.5169491525423728,0.6666666666657777,0.011111111111111112,0.9838895281933256,0.828023743932835,0.8799999999994369,0.03333333333333333,synthetic,,,,,,,,,,
synthetic,10.0,500.0,gaussian,0.9,4,F,HardMask,,0.8038468360900879,0.6960227272727272,0.5111111111111111,0.6666666666657777,0.011111111111111112,0.8929804372842348,0.8137741046831957,0.8181818181812437,0.044444444444444446,synthetic,,,,,,,,,,
synthetic,10.0,500.0,gaussian,0.9,4,A,NoPrior,1.0,34.317763328552246,0.26136363636363635,0.02239819004524887,0.056338028168957735,0.7444444444444445,0.9090909090909091,0.626263306302832,0.8181818181812437,0.044444444444444446,synthetic,,,,,,,,,,
synthetic,20.0,500.0,gaussian,0.3,0,C,FullModel,0.165203258395195,40.27825117111206,0.7931034482758621,0.44469250307315034,0.5846153846148667,0.07105263157894737,0.8328508010036673,0.5631846856778,0.6518518518513424,0.12368421052631579,synthetic,,,,,,,,,,
synthetic,20.0,500.0,gaussian,0.3,0,F,HardMask,,32.81027603149414,0.40750718390804597,0.1287399011153742,0.24999999999954514,0.09473684210526316,0.39572476355915853,0.19891318615374692,0.2959641255602847,0.8263157894736842,synthetic,,,,,,,,,,
synthetic,20.0,500.0,gaussian,0.3,0,A,NoPrior,1.0,38.79794502258301,0.8216594827586207,0.476725356525152,0.6031746031740841,0.06578947368421052,0.7890851187029531,0.5476368177133433,0.6201550387591805,0.12894736842105264,synthetic,,,,,,,,,,
synthetic,20.0,500.0,gaussian,0.3,1,C,FullModel,0.1079973354935646,40.04029726982117,0.8607954545454546,0.5720366470917843,0.727272727272201,0.039473684210526314,0.8703941620843825,0.6368968624841647,0.6666666666661626,0.09473684210526316,synthetic,,,,,,,,,,
synthetic,20.0,500.0,gaussian,0.3,1,F,HardMask,,30.606772899627686,0.3323356331168831,0.11740225177064115,0.22222222222174223,0.09210526315789473,0.33668225499768745,0.20230292957175444,0.27664399092946557,0.8394736842105263,synthetic,,,,,,,,,,
synthetic,20.0,500.0,gaussian,0.3,1,A,NoPrior,1.0,37.493370056152344,0.9800121753246753,0.8971609901941618,0.9473684210520985,0.007894736842105263,0.9022046353872244,0.7858992523131493,0.7692307692302692,0.06315789473684211,synthetic,,,,,,,,,,
synthetic,20.0,500.0,gaussian,0.3,2,C,FullModel,0.7874999642372131,41.85038948059082,0.8321629213483146,0.5590735329449147,0.6399999999994752,0.04736842105263158,0.8264624409320515,0.606736893319486,0.6542056074761253,0.09736842105263158,synthetic,,,,,,,,,,
synthetic,20.0,500.0,gaussian,0.3,2,F,HardMask,,33.99444890022278,0.3329822097378277,0.06985410545786469,0.17021276595693982,0.10263157894736842,0.36494486991472497,0.1678693101333456,0.2608695652171632,0.85,synthetic,,,,,,,,,,
synthetic,20.0,500.0,gaussian,0.3,2,A,NoPrior,1.0,42.68756413459778,0.8560393258426966,0.639576581574213,0.666666666666159,0.034210526315789476,0.8300472543588072,0.6390645604015472,0.6428571428566315,0.10526315789473684,synthetic,,,,,,,,,,
synthetic,20.0,500.0,gaussian,0.3,3,C,FullModel,0.05995593219995499,37.023045778274536,0.8520208604954368,0.5359123372865721,0.6666666666661424,0.042105263157894736,0.8285937499999999,0.5994674797074966,0.6825396825391729,0.10526315789473684,synthetic,,,,,,,,,,
synthetic,20.0,500.0,gaussian,0.3,3,F,HardMask,,29.937071084976196,0.30991960017383746,0.07884995516415491,0.1499999999995375,0.08947368421052632,0.40260416666666665,0.19423737773682626,0.2727272727270359,0.8421052631578947,synthetic,,,,,,,,,,
synthetic,20.0,500.0,gaussian,0.3,3,A,NoPrior,1.0,38.96623492240906,0.8177966101694915,0.45976603794453674,0.6222222222217066,0.04473684210526316,0.80625,0.5524855154011927,0.6290322580640065,0.12105263157894737,synthetic,,,,,,,,,,
synthetic,20.0,500.0,gaussian,0.3,4,C,FullModel,0.05000000074505806,36.08944082260132,0.8889294848374132,0.6283155813634682,0.7555555555550221,0.02894736842105263,0.9157778779229884,0.7014625669212717,0.7401574803144491,0.0868421052631579,synthetic,,,,,,,,,,
synthetic,20.0,500.0,gaussian,0.3,4,F,HardMask,,29.37384557723999,0.27085616855437833,0.06247690231770353,0.11414392059542529,0.9394736842105263,0.30444144008812773,0.158588769127883,0.2844243792322603,0.8342105263157895,synthetic,,,,,,,,,,
synthetic,20.0,500.0,gaussian,0.3,4,A,NoPrior,1.0,44.93765068054199,0.9107295091949823,0.6610278366899477,0.8085106382973382,0.02368421052631579,0.911221270842722,0.6941224322642524,0.6999999999994949,0.11052631578947368,synthetic,,,,,,,,,,
synthetic,20.0,500.0,gaussian,0.6,0,C,FullModel,1.3233668804168701,46.025734186172485,0.8687140804597702,0.5623055058355377,0.7241379310339631,0.042105263157894736,0.873576529627485,0.7013697185570122,0.7328244274804049,0.09210526315789473,synthetic,,,,,,,,,,
synthetic,20.0,500.0,gaussian,0.6,0,F,HardMask,,36.264416217803955,0.6622216235632183,0.33746547282470774,0.5283018867919543,0.06578947368421052,0.6933265778807179,0.43030465832372644,0.5289256198342062,0.15,synthetic,,,,,,,,,,
synthetic,20.0,500.0,gaussian,0.6,0,A,NoPrior,1.0,44.460631132125854,0.8216594827586207,0.476725356525152,0.6031746031740841,0.06578947368421052,0.7890851187029531,0.5476368177133433,0.6201550387591805,0.12894736842105264,synthetic,,,,,,,,,,
synthetic,20.0,500.0,gaussian,0.6,1,C,FullModel,0.9302009344100952,45.864471197128296,0.8488230519480521,0.5224901665876152,0.6666666666661427,0.04736842105263158,0.8557479829384861,0.6400732603807754,0.6607142857137779,0.1,synthetic,,,,,,,,,,
synthetic,20.0,500.0,gaussian,0.6,1,F,HardMask,,35.81943154335022,0.6080560064935066,0.3165466184329887,0.4090909090904277,0.06842105263157895,0.6409887455676037,0.407633536418637,0.4086021505371743,0.14473684210526316,synthetic,,,,,,,,,,
synthetic,20.0,500.0,gaussian,0.6,1,A,NoPrior,1.0,44.16905498504639,0.9800121753246753,0.8971609901941618,0.9473684210520985,0.007894736842105263,0.9022046353872244,0.7858992523131493,0.7692307692302692,0.06315789473684211,synthetic,,,,,,,,,,
synthetic,20.0,500.0,gaussian,0.6,2,C,FullModel,1.0006376504898071,46.02027654647827,0.9053136704119851,0.6581724705577028,0.7499999999994689,0.031578947368421054,0.8817554722720115,0.7059826434008731,0.7454545454540324,0.07368421052631578,synthetic,,,,,,,,,,
synthetic,20.0,500.0,gaussian,0.6,2,F,HardMask,,36.25012803077698,0.7205056179775281,0.4450867803005961,0.5454545454540247,0.05263157894736842,0.6820650697952311,0.44509290866097856,0.5052631578942461,0.12368421052631579,synthetic,,,,,,,,,,
synthetic,20.0,500.0,gaussian,0.6,2,A,NoPrior,1.0,39.44062519073486,0.8560393258426966,0.639576581574213,0.666666666666159,0.034210526315789476,0.8300472543588072,0.6390645604015472,0.6428571428566315,0.10526315789473684,synthetic,,,,,,,,,,
synthetic,20.0,500.0,gaussian,0.6,3,C,FullModel,0.9780749678611755,41.15225100517273,0.9273142112125163,0.7266398503245504,0.8399999999994672,0.021052631578947368,0.899375,0.7672926515489015,0.7826086956516611,0.06578947368421052,synthetic,,,,,,,,,,
synthetic,20.0,500.0,gaussian,0.6,3,F,HardMask,,32.6055805683136,0.7634724033029118,0.4396182168267,0.6153846153840917,0.05263157894736842,0.77421875,0.5217064953427052,0.615384615384105,0.11842105263157894,synthetic,,,,,,,,,,
synthetic,20.0,500.0,gaussian,0.6,3,A,NoPrior,1.0,38.86445951461792,0.8177966101694915,0.45976603794453674,0.6222222222217066,0.04473684210526316,0.80625,0.5524855154011927,0.6290322580640065,0.12105263157894737,synthetic,,,,,,,,,,
synthetic,20.0,500.0,gaussian,0.6,4,C,FullModel,1.3148343563079834,40.25268363952637,0.8919741809767385,0.6440667764786726,0.7555555555550221,0.02894736842105263,0.9026588553402433,0.7083007459132928,0.7333333333328222,0.08421052631578947,synthetic,,,,,,,,,,
synthetic,20.0,500.0,gaussian,0.6,4,F,HardMask,,33.05688166618347,0.6731823164048228,0.31178860572995293,0.5128205128200025,0.05,0.674678283511091,0.3848803937002241,0.5123966942143683,0.15526315789473685,synthetic,,,,,,,,,,
synthetic,20.0,500.0,gaussian,0.6,4,A,NoPrior,1.0,38.845545291900635,0.9107295091949823,0.6610278366899477,0.8085106382973382,0.02368421052631579,0.911221270842722,0.6941224322642524,0.6999999999994949,0.11052631578947368,synthetic,,,,,,,,,,
synthetic,20.0,500.0,gaussian,0.9,0,C,FullModel,1.7585816383361816,39.52542781829834,0.9560883620689655,0.863467406543504,0.85714285714233,0.02368421052631579,0.9203821656050956,0.8532386459478575,0.847999999999488,0.05,synthetic,,,,,,,,,,
synthetic,20.0,500.0,gaussian,0.9,0,F,HardMask,,33.240060329437256,0.9316630747126436,0.8209052387290892,0.8709677419349563,0.021052631578947368,0.9587434858135495,0.89289740673407,0.8799999999994874,0.039473684210526314,synthetic,,,,,,,,,,
synthetic,20.0,500.0,gaussian,0.9,0,A,NoPrior,1.0,42.64231562614441,0.8216594827586207,0.476725356525152,0.6031746031740841,0.06578947368421052,0.7890851187029531,0.5476368177133433,0.6201550387591805,0.12894736842105264,synthetic,,,,,,,,,,
synthetic,20.0,500.0,gaussian,0.9,1,C,FullModel,1.6159310340881348,38.116825103759766,1.0,1.0,0.9999999999994644,0.0,0.9557017318464465,0.903979917206117,0.8623853211004087,0.039473684210526314,synthetic,,,,,,,,,,
synthetic,20.0,500.0,gaussian,0.9,1,F,HardMask,,28.106284856796265,0.9457183441558442,0.8575588036767159,0.905660377357958,0.013157894736842105,0.9541600287784572,0.9088248954088225,0.8807339449536193,0.034210526315789476,synthetic,,,,,,,,,,
synthetic,20.0,500.0,gaussian,0.9,1,A,NoPrior,1.0,34.815747022628784,0.9800121753246753,0.8971609901941618,0.9473684210520985,0.007894736842105263,0.9022046353872244,0.7858992523131493,0.7692307692302692,0.06315789473684211,synthetic,,,,,,,,,,
synthetic,20.0,500.0,gaussian,0.9,2,C,FullModel,1.755098819732666,36.860708236694336,1.0,0.9999999999999998,0.9999999999994584,0.0,0.9406333170387268,0.9042862242780723,0.873786407766479,0.034210526315789476,synthetic,,,,,,,,,,
synthetic,20.0,500.0,gaussian,0.9,2,F,HardMask,,29.675403118133545,0.9757139513108615,0.9609649122807017,0.9787234042547778,0.002631578947368421,0.9664602683178534,0.9282401281436612,0.8807339449536132,0.034210526315789476,synthetic,,,,,,,,,,
synthetic,20.0,500.0,gaussian,0.9,2,A,NoPrior,1.0,35.90465259552002,0.8560393258426966,0.639576581574213,0.666666666666159,0.034210526315789476,0.8300472543588072,0.6390645604015472,0.6428571428566315,0.10526315789473684,synthetic,,,,,,,,,,
synthetic,20.0,500.0,gaussian,0.9,3,C,FullModel,1.7909687757492065,36.575830936431885,0.9873967840069535,0.9641123905609239,0.9615384615379245,0.005263157894736842,0.9358333333333334,0.9165513713600897,0.9217391304342674,0.02368421052631579,synthetic,,,,,,,,,,
synthetic,20.0,500.0,gaussian,0.9,3,F,HardMask,,29.499390125274658,1.0,0.9999999999999998,0.9999999999994615,0.0,0.99546875,0.9813245731288286,0.9322033898299928,0.021052631578947368,synthetic,,,,,,,,,,
synthetic,20.0,500.0,gaussian,0.9,3,A,NoPrior,1.0,36.054404497146606,0.8177966101694915,0.45976603794453674,0.6222222222217066,0.04473684210526316,0.80625,0.5524855154011927,0.6290322580640065,0.12105263157894737,synthetic,,,,,,,,,,
synthetic,20.0,500.0,gaussian,0.9,4,C,FullModel,1.7075316905975342,36.84898853302002,1.0,0.9999999999999999,0.9999999999994567,0.0,0.9684542586750788,0.9325418180236039,0.8869565217386195,0.034210526315789476,synthetic,,,,,,,,,,
synthetic,20.0,500.0,gaussian,0.9,4,F,HardMask,,29.655252695083618,0.9469004993301668,0.9102816114009029,0.9130434782603299,0.010526315789473684,0.9483501076561012,0.8930609568193522,0.87096774193497,0.042105263157894736,synthetic,,,,,,,,,,
synthetic,20.0,500.0,gaussian,0.9,4,A,NoPrior,1.0,36.22031307220459,0.9107295091949823,0.6610278366899477,0.8085106382973382,0.02368421052631579,0.911221270842722,0.6941224322642524,0.6999999999994949,0.11052631578947368,synthetic,,,,,,,,,,
lorenz96,10.0,2000.0,lorenz,0.3,0,C,FullModel,0.5560513734817505,1.0172700881958008,,,,,,,,,lorenz96,1.0,0.9999999999999999,0.9999999999994666,0.0,0.9999999999994666,,,,,
lorenz96,10.0,2000.0,lorenz,0.3,0,F,HardMask,,27.847691297531128,,,,,,,,,lorenz96,0.3933333333333333,0.3412551518924068,0.49999999999961664,0.6666666666666666,0.3333333333328223,,,,,
lorenz96,10.0,2000.0,lorenz,0.3,0,A,NoPrior,1.0,0.9992811679840088,,,,,,,,,lorenz96,0.9961111111111112,0.992953431372549,0.9655172413787777,0.022222222222222223,0.9333333333328022,,,,,
lorenz96,10.0,2000.0,lorenz,0.6,0,C,FullModel,0.14861661195755005,1.0130829811096191,,,,,,,,,lorenz96,1.0,0.9999999999999999,0.9999999999994666,0.0,0.9999999999994666,,,,,
lorenz96,10.0,2000.0,lorenz,0.6,0,F,HardMask,,26.217605113983154,,,,,,,,,lorenz96,0.7305555555555554,0.6668842090416326,0.7169811320749533,0.16666666666666666,0.6333333333328122,,,,,
lorenz96,10.0,2000.0,lorenz,0.6,0,A,NoPrior,1.0,1.0005452632904053,,,,,,,,,lorenz96,0.9961111111111112,0.992953431372549,0.9655172413787777,0.022222222222222223,0.9333333333328022,,,,,
lorenz96,10.0,2000.0,lorenz,0.9,0,C,FullModel,0.7644901871681213,1.0163688659667969,,,,,,,,,lorenz96,1.0,0.9999999999999999,0.9999999999994666,0.0,0.9999999999994666,,,,,
lorenz96,10.0,2000.0,lorenz,0.9,0,F,HardMask,,23.871668577194214,,,,,,,,,lorenz96,0.9772222222222222,0.9661234969058557,0.9666666666661344,0.022222222222222223,0.9666666666661344,,,,,
lorenz96,10.0,2000.0,lorenz,0.9,0,A,NoPrior,1.0,1.0001375675201416,,,,,,,,,lorenz96,0.9961111111111112,0.992953431372549,0.9655172413787777,0.022222222222222223,0.9333333333328022,,,,,
lorenz96,10.0,2000.0,lorenz,0.3,1,C,FullModel,0.05000000074505806,1.0193507671356201,,,,,,,,,lorenz96,1.0,0.9999999999999999,0.9999999999994666,0.0,0.9999999999994666,,,,,
lorenz96,10.0,2000.0,lorenz,0.3,1,F,HardMask,,27.862149000167847,,,,,,,,,lorenz96,0.4355555555555556,0.4115448357647846,0.49999999999961664,0.6666666666666666,0.39999999999948677,,,,,
lorenz96,10.0,2000.0,lorenz,0.3,1,A,NoPrior,1.0,0.9997212886810303,,,,,,,,,lorenz96,0.9916666666666667,0.9844174192665573,0.9333333333328022,0.044444444444444446,0.9333333333328022,,,,,
lorenz96,10.0,2000.0,lorenz,0.6,1,C,FullModel,0.19810330867767334,1.015531063079834,,,,,,,,,lorenz96,1.0,0.9999999999999999,0.9999999999994666,0.0,0.9999999999994666,,,,,
lorenz96,10.0,2000.0,lorenz,0.6,1,F,HardMask,,27.8738112449646,,,,,,,,,lorenz96,0.8152777777777778,0.7768883346393832,0.7692307692302515,0.13333333333333333,0.7333333333328089,,,,,
lorenz96,10.0,2000.0,lorenz,0.6,1,A,NoPrior,1.0,0.9980523586273193,,,,,,,,,lorenz96,0.9916666666666667,0.9844174192665573,0.9333333333328022,0.044444444444444446,0.9333333333328022,,,,,
lorenz96,10.0,2000.0,lorenz,0.9,1,C,FullModel,0.11152967810630798,1.016948938369751,,,,,,,,,lorenz96,1.0,0.9999999999999999,0.9999999999994666,0.0,0.9999999999994666,,,,,
lorenz96,10.0,2000.0,lorenz,0.9,1,F,HardMask,,27.854395627975464,,,,,,,,,lorenz96,0.9611111111111111,0.9486535303776683,0.9333333333328022,0.044444444444444446,0.9333333333328022,,,,,
lorenz96,10.0,2000.0,lorenz,0.9,1,A,NoPrior,1.0,0.9999475479125977,,,,,,,,,lorenz96,0.9916666666666667,0.9844174192665573,0.9333333333328022,0.044444444444444446,0.9333333333328022,,,,,
lorenz96,10.0,2000.0,lorenz,0.3,2,C,FullModel,0.5641129016876221,1.0182209014892578,,,,,,,,,lorenz96,1.0,0.9999999999999999,0.9999999999994666,0.0,0.9999999999994666,,,,,
lorenz96,10.0,2000.0,lorenz,0.3,2,F,HardMask,,27.87003993988037,,,,,,,,,lorenz96,0.47194444444444444,0.39102921497529336,0.49999999999961664,0.6666666666666666,0.4333333333328189,,,,,
lorenz96,10.0,2000.0,lorenz,0.3,2,A,NoPrior,1.0,0.9989938735961914,,,,,,,,,lorenz96,0.995,0.9907312091503269,0.9473684210520997,0.03333333333333333,0.9333333333328022,,,,,
lorenz96,10.0,2000.0,lorenz,0.6,2,C,FullModel,0.8997815847396851,1.0158848762512207,,,,,,,,,lorenz96,1.0,0.9999999999999999,0.9999999999994666,0.0,0.9999999999994666,,,,,
lorenz96,10.0,2000.0,lorenz,0.6,2,F,HardMask,,27.66624927520752,,,,,,,,,lorenz96,0.7166666666666667,0.5185594620950658,0.6551724137925815,0.2222222222222222,0.6333333333328122,,,,,
lorenz96,10.0,2000.0,lorenz,0.6,2,A,NoPrior,1.0,0.9862816333770752,,,,,,,,,lorenz96,0.995,0.9907312091503269,0.9473684210520997,0.03333333333333333,0.9333333333328022,,,,,
lorenz96,10.0,2000.0,lorenz,0.9,2,C,FullModel,0.32099974155426025,1.00349760055542,,,,,,,,,lorenz96,1.0,0.9999999999999999,0.9999999999994666,0.0,0.9999999999994666,,,,,
lorenz96,10.0,2000.0,lorenz,0.9,2,F,HardMask,,27.66275954246521,,,,,,,,,lorenz96,0.9758333333333333,0.9592632908351233,0.9666666666661344,0.022222222222222223,0.9666666666661344,,,,,
lorenz96,10.0,2000.0,lorenz,0.9,2,A,NoPrior,1.0,0.9965777397155762,,,,,,,,,lorenz96,0.995,0.9907312091503269,0.9473684210520997,0.03333333333333333,0.9333333333328022,,,,,
lorenz96,10.0,2000.0,lorenz,0.3,3,C,FullModel,0.16989997029304504,1.014402151107788,,,,,,,,,lorenz96,1.0,0.9999999999999999,0.9999999999994666,0.0,0.9999999999994666,,,,,
lorenz96,10.0,2000.0,lorenz,0.3,3,F,HardMask,,27.591921091079712,,,,,,,,,lorenz96,0.4605555555555555,0.44194973327326265,0.49999999999961664,0.6666666666666666,0.3666666666661545,,,,,
lorenz96,10.0,2000.0,lorenz,0.3,3,A,NoPrior,1.0,0.988823413848877,,,,,,,,,lorenz96,0.9855555555555555,0.9770055480581796,0.9473684210520997,0.03333333333333333,0.89999999999947,,,,,
lorenz96,10.0,2000.0,lorenz,0.6,3,C,FullModel,0.05000000074505806,1.0035343170166016,,,,,,,,,lorenz96,1.0,0.9999999999999999,0.9999999999994666,0.0,0.9999999999994666,,,,,
lorenz96,10.0,2000.0,lorenz,0.6,3,F,HardMask,,27.559160470962524,,,,,,,,,lorenz96,0.7422222222222221,0.673911659195513,0.6909090909085699,0.18888888888888888,0.6666666666661445,,,,,
lorenz96,10.0,2000.0,lorenz,0.6,3,A,NoPrior,1.0,0.9965097904205322,,,,,,,,,lorenz96,0.9855555555555555,0.9770055480581796,0.9473684210520997,0.03333333333333333,0.89999999999947,,,,,
lorenz96,10.0,2000.0,lorenz,0.9,3,C,FullModel,0.48109081387519836,1.0141944885253906,,,,,,,,,lorenz96,1.0,0.9999999999999999,0.9999999999994666,0.0,0.9999999999994666,,,,,
lorenz96,10.0,2000.0,lorenz,0.9,3,F,HardMask,,27.796465158462524,,,,,,,,,lorenz96,0.9261111111111111,0.9049276895943562,0.8965517241374008,0.06666666666666667,0.8666666666661378,,,,,
lorenz96,10.0,2000.0,lorenz,0.9,3,A,NoPrior,1.0,0.9898519515991211,,,,,,,,,lorenz96,0.9855555555555555,0.9770055480581796,0.9473684210520997,0.03333333333333333,0.89999999999947,,,,,
lorenz96,10.0,2000.0,lorenz,0.3,4,C,FullModel,0.7332069277763367,1.0046322345733643,,,,,,,,,lorenz96,1.0,0.9999999999999999,0.9999999999994666,0.0,0.9999999999994666,,,,,
lorenz96,10.0,2000.0,lorenz,0.3,4,F,HardMask,,27.6608989238739,,,,,,,,,lorenz96,0.28055555555555556,0.3215577680347501,0.49999999999961664,0.6666666666666666,0.16666666666616115,,,,,
lorenz96,10.0,2000.0,lorenz,0.3,4,A,NoPrior,1.0,0.9912359714508057,,,,,,,,,lorenz96,0.9944444444444444,0.9888898417393042,0.9523809523804232,0.03333333333333333,0.9333333333328022,,,,,
lorenz96,10.0,2000.0,lorenz,0.6,4,C,FullModel,0.753959059715271,1.0056335926055908,,,,,,,,,lorenz96,1.0,0.9999999999999999,0.9999999999994666,0.0,0.9999999999994666,,,,,
lorenz96,10.0,2000.0,lorenz,0.6,4,F,HardMask,,27.591768264770508,,,,,,,,,lorenz96,0.7272222222222222,0.6641551647726098,0.6909090909085699,0.18888888888888888,0.6333333333328122,,,,,
lorenz96,10.0,2000.0,lorenz,0.6,4,A,NoPrior,1.0,0.9883058071136475,,,,,,,,,lorenz96,0.9944444444444444,0.9888898417393042,0.9523809523804232,0.03333333333333333,0.9333333333328022,,,,,
lorenz96,10.0,2000.0,lorenz,0.9,4,C,FullModel,0.7218931913375854,1.0062782764434814,,,,,,,,,lorenz96,1.0,0.9999999999999999,0.9999999999994666,0.0,0.9999999999994666,,,,,
lorenz96,10.0,2000.0,lorenz,0.9,4,F,HardMask,,27.79716396331787,,,,,,,,,lorenz96,0.9394444444444444,0.9282929046262379,0.9310344827580892,0.044444444444444446,0.89999999999947,,,,,
lorenz96,10.0,2000.0,lorenz,0.9,4,A,NoPrior,1.0,0.9933900833129883,,,,,,,,,lorenz96,0.9944444444444444,0.9888898417393042,0.9523809523804232,0.03333333333333333,0.9333333333328022,,,,,
electricity,,,,,0,C,FullModel,1.11483895778656,,,,,,,,,,real,,,,,,Large Ind.,6.0,6.0,17018715.86346843,12666644.0
electricity,,,,,0,F,HardMask,,,,,,,,,,,real,,,,,,Large Ind.,6.0,6.0,17838713.4344479,12848011.0
electricity,,,,,0,A,NoPrior,1.0,,,,,,,,,,real,,,,,,Large Ind.,6.0,6.0,16922553.48599614,11930229.0
electricity,,,,,0,ALL,AllFeatures,,,,,,,,,,,real,,,,,,Large Ind.,36.0,36.0,18283842.968640044,13289461.0
electricity,,,,,0,C,FullModel,1.11483895778656,,,,,,,,,,real,,,,,,Residential,6.0,6.0,12431122.470218368,9065278.0
electricity,,,,,0,F,HardMask,,,,,,,,,,,real,,,,,,Residential,6.0,6.0,12960811.971166622,9113004.0
electricity,,,,,0,A,NoPrior,1.0,,,,,,,,,,real,,,,,,Residential,6.0,6.0,11873131.234255604,8310893.5
electricity,,,,,0,ALL,AllFeatures,,,,,,,,,,,real,,,,,,Residential,36.0,36.0,16041831.700030267,11259172.0
electricity,,,,,0,C,FullModel,1.11483895778656,,,,,,,,,,real,,,,,,Commercial,6.0,6.0,4678709.676207747,3201277.25
electricity,,,,,0,F,HardMask,,,,,,,,,,,real,,,,,,Commercial,6.0,6.0,4706075.844774285,3191430.0
electricity,,,,,0,A,NoPrior,1.0,,,,,,,,,,real,,,,,,Commercial,6.0,6.0,4427346.628580147,3052113.25
electricity,,,,,0,ALL,AllFeatures,,,,,,,,,,,real,,,,,,Commercial,36.0,36.0,4688959.398566808,3249921.25
electricity,,,,,1,C,FullModel,1.11483895778656,,,,,,,,,,real,,,,,,Large Ind.,6.0,6.0,18135018.60642442,12905192.0
electricity,,,,,1,F,HardMask,,,,,,,,,,,real,,,,,,Large Ind.,6.0,6.0,16547963.690626832,12319761.0
electricity,,,,,1,A,NoPrior,1.0,,,,,,,,,,real,,,,,,Large Ind.,6.0,6.0,17020184.656611454,12156757.0
electricity,,,,,1,ALL,AllFeatures,,,,,,,,,,,real,,,,,,Large Ind.,36.0,36.0,17249863.296281975,12563222.0
electricity,,,,,1,C,FullModel,1.11483895778656,,,,,,,,,,real,,,,,,Residential,6.0,6.0,11643805.255759304,8382328.0
electricity,,,,,1,F,HardMask,,,,,,,,,,,real,,,,,,Residential,6.0,6.0,12810451.346617885,9001736.0
electricity,,,,,1,A,NoPrior,1.0,,,,,,,,,,real,,,,,,Residential,6.0,6.0,11632779.176632212,8290599.0
electricity,,,,,1,ALL,AllFeatures,,,,,,,,,,,real,,,,,,Residential,36.0,36.0,16465039.132657291,11952931.0
electricity,,,,,1,C,FullModel,1.11483895778656,,,,,,,,,,real,,,,,,Commercial,6.0,6.0,4530087.579607264,3107716.25
electricity,,,,,1,F,HardMask,,,,,,,,,,,real,,,,,,Commercial,6.0,6.0,4803099.261835008,3225262.5
electricity,,,,,1,A,NoPrior,1.0,,,,,,,,,,real,,,,,,Commercial,6.0,6.0,4502870.213058333,3216962.0
electricity,,,,,1,ALL,AllFeatures,,,,,,,,,,,real,,,,,,Commercial,36.0,36.0,4652477.259783222,3203767.0
electricity,,,,,2,C,FullModel,1.11483895778656,,,,,,,,,,real,,,,,,Large Ind.,6.0,6.0,18052716.552270133,12798649.0
electricity,,,,,2,F,HardMask,,,,,,,,,,,real,,,,,,Large Ind.,6.0,6.0,17384897.686826922,12472044.0
electricity,,,,,2,A,NoPrior,1.0,,,,,,,,,,real,,,,,,Large Ind.,6.0,6.0,18143421.44883594,12579628.0
electricity,,,,,2,ALL,AllFeatures,,,,,,,,,,,real,,,,,,Large Ind.,36.0,36.0,18429168.081116628,13797987.0
electricity,,,,,2,C,FullModel,1.11483895778656,,,,,,,,,,real,,,,,,Residential,6.0,6.0,12294454.283607386,8907870.0
electricity,,,,,2,F,HardMask,,,,,,,,,,,real,,,,,,Residential,6.0,6.0,13085743.718200812,9304751.0
electricity,,,,,2,A,NoPrior,1.0,,,,,,,,,,real,,,,,,Residential,6.0,6.0,11633441.50478198,8191166.5
electricity,,,,,2,ALL,AllFeatures,,,,,,,,,,,real,,,,,,Residential,36.0,36.0,16630731.510538435,11704188.0
electricity,,,,,2,C,FullModel,1.11483895778656,,,,,,,,,,real,,,,,,Commercial,6.0,6.0,5016143.827883726,3339059.75
electricity,,,,,2,F,HardMask,,,,,,,,,,,real,,,,,,Commercial,6.0,6.0,4959595.344938536,3370276.0
electricity,,,,,2,A,NoPrior,1.0,,,,,,,,,,real,,,,,,Commercial,6.0,6.0,4450473.171197867,3133815.5
electricity,,,,,2,ALL,AllFeatures,,,,,,,,,,,real,,,,,,Commercial,36.0,36.0,4604627.530335109,3224403.0
electricity,,,,,3,C,FullModel,1.11483895778656,,,,,,,,,,real,,,,,,Large Ind.,6.0,6.0,17842931.995003063,12580410.0
electricity,,,,,3,F,HardMask,,,,,,,,,,,real,,,,,,Large Ind.,6.0,6.0,16496418.163623277,12097476.0
electricity,,,,,3,A,NoPrior,1.0,,,,,,,,,,real,,,,,,Large Ind.,6.0,6.0,16687253.803942217,11924339.0
electricity,,,,,3,ALL,AllFeatures,,,,,,,,,,,real,,,,,,Large Ind.,36.0,36.0,18002150.6606383,13112254.0
electricity,,,,,3,C,FullModel,1.11483895778656,,,,,,,,,,real,,,,,,Residential,6.0,6.0,12684600.437259661,8989945.0
electricity,,,,,3,F,HardMask,,,,,,,,,,,real,,,,,,Residential,6.0,6.0,12677686.413194483,9199604.0
electricity,,,,,3,A,NoPrior,1.0,,,,,,,,,,real,,,,,,Residential,6.0,6.0,11981096.168647008,8484864.0
electricity,,,,,3,ALL,AllFeatures,,,,,,,,,,,real,,,,,,Residential,36.0,36.0,15316591.513416555,11065029.0
electricity,,,,,3,C,FullModel,1.11483895778656,,,,,,,,,,real,,,,,,Commercial,6.0,6.0,4828203.327059042,3296631.5
electricity,,,,,3,F,HardMask,,,,,,,,,,,real,,,,,,Commercial,6.0,6.0,4599706.100385111,3145771.5
electricity,,,,,3,A,NoPrior,1.0,,,,,,,,,,real,,,,,,Commercial,6.0,6.0,4334264.805983133,3072093.75
electricity,,,,,3,ALL,AllFeatures,,,,,,,,,,,real,,,,,,Commercial,36.0,36.0,4831314.474921292,3346917.5
electricity,,,,,4,C,FullModel,1.11483895778656,,,,,,,,,,real,,,,,,Large Ind.,6.0,6.0,16642358.498703241,12243146.0
electricity,,,,,4,F,HardMask,,,,,,,,,,,real,,,,,,Large Ind.,6.0,6.0,16556949.065150378,12101711.0
electricity,,,,,4,A,NoPrior,1.0,,,,,,,,,,real,,,,,,Large Ind.,6.0,6.0,17922261.317436926,12359108.0
electricity,,,,,4,ALL,AllFeatures,,,,,,,,,,,real,,,,,,Large Ind.,36.0,36.0,18790515.959969167,13677787.0
electricity,,,,,4,C,FullModel,1.11483895778656,,,,,,,,,,real,,,,,,Residential,6.0,6.0,12752109.105641153,8882833.0
electricity,,,,,4,F,HardMask,,,,,,,,,,,real,,,,,,Residential,6.0,6.0,12373786.86050669,8867490.0
electricity,,,,,4,A,NoPrior,1.0,,,,,,,,,,real,,,,,,Residential,6.0,6.0,11525889.270817067,8264504.5
electricity,,,,,4,ALL,AllFeatures,,,,,,,,,,,real,,,,,,Residential,36.0,36.0,15977790.39303345,11291275.0
electricity,,,,,4,C,FullModel,1.11483895778656,,,,,,,,,,real,,,,,,Commercial,6.0,6.0,4719231.956603108,3232636.5
electricity,,,,,4,F,HardMask,,,,,,,,,,,real,,,,,,Commercial,6.0,6.0,4766654.775923258,3282472.25
electricity,,,,,4,A,NoPrior,1.0,,,,,,,,,,real,,,,,,Commercial,6.0,6.0,4512185.325669149,3150061.25
electricity,,,,,4,ALL,AllFeatures,,,,,,,,,,,real,,,,,,Commercial,36.0,36.0,4610854.255573906,3282151.75
