d,T,graph,noise,K,prior_acc,prior_mode,seed,nonlinear,missing_ratio,method,tau,time,w0_auroc,w0_auprc,w0_f1_opt,w0_prec_opt,w0_rec_opt,w0_best_thr,w0_shd,w0_shd_norm,w0_k_true,w0_f1_topk,w0_shd_topk,comb_auroc,comb_auprc,comb_f1_opt,comb_prec_opt,comb_rec_opt,comb_best_thr,comb_shd,comb_shd_norm,comb_k_true,comb_f1_topk,comb_shd_topk,auroc,auprc,f1_opt,prec_opt,rec_opt,best_thr,shd,shd_norm,k_true,f1_topk,shd_topk
20,500,ER,gaussian,1,0.6,random,0,False,0.0,PRCD-MAP(learn_tau),1.3233304023742676,40.41760778427124,0.8648527298850575,0.5621124208552316,0.7241379310339631,0.8076923076922767,0.6562499999999795,0.1910721411058052,16,0.042105263157894736,32,0.6874999999994784,20,0.8737212893263848,0.7016934858047054,0.7328244274804049,0.7384615384615272,0.7272727272727163,0.08436951685191399,35,0.09210526315789473,66,0.7272727272722163,36,0.8737212893263848,0.7016934858047054,0.7328244274804049,0.7384615384615272,0.7272727272727163,0.08436951685191399,35,0.09210526315789473,66,0.7272727272722163,36
20,500,ER,gaussian,1,0.6,random,0,False,0.0,PRCD-MAP(fixed_tau),1.0,38.05384063720703,0.8886494252873562,0.5582857586934858,0.6885245901634129,0.7241379310344578,0.6562499999999795,0.1953102925314975,19,0.05,32,0.6874999999994784,20,0.9093321752557422,0.6912351534788443,0.6976744186041406,0.714285714285703,0.6818181818181716,0.08990473783195918,39,0.10263157894736842,66,0.6818181818176715,42,0.9093321752557422,0.6912351534788443,0.6976744186041406,0.714285714285703,0.6818181818181716,0.08990473783195918,39,0.10263157894736842,66,0.6818181818176715,42
20,500,ER,gaussian,1,0.6,random,0,False,0.0,PRCD-MAP(no_l1_weight),0.6263327598571777,35.2857232093811,0.7867277298850576,0.4062193584689455,0.5614035087714176,0.6399999999999745,0.49999999999998435,0.18408517502061086,25,0.06578947368421052,32,0.5312499999994833,30,0.8205944798301487,0.5410039485596129,0.6382978723399186,0.5999999999999921,0.6818181818181716,0.0776609332118202,51,0.13421052631578947,66,0.6363636363631268,48,0.8205944798301487,0.5410039485596129,0.6382978723399186,0.5999999999999921,0.6818181818181716,0.0776609332118202,51,0.13421052631578947,66,0.6363636363631268,48
20,500,ER,gaussian,1,0.6,random,0,False,0.0,PRCD-MAP(uniform),0.5000005960464478,35.626420736312866,0.7878951149425287,0.4275386136829797,0.5538461538456367,0.5454545454545289,0.5624999999999823,0.11855925746898555,29,0.07631578947368421,32,0.5312499999994833,30,0.8138390272148234,0.5439728285513206,0.6315789473679115,0.6268656716417818,0.6363636363636268,0.0918834245384638,49,0.12894736842105264,66,0.6363636363631268,48,0.8138390272148234,0.5439728285513206,0.6315789473679115,0.6268656716417818,0.6363636363636268,0.0918834245384638,49,0.12894736842105264,66,0.6363636363631268,48
20,500,ER,gaussian,1,0.6,random,0,False,0.0,DYNOTEARS,,40.06126856803894,0.39852729885057464,0.15431583665394094,0.279999999999528,0.3888888888888673,0.21874999999999314,0.45179296857747603,36,0.09473684210526316,32,0.24999999999949218,48,0.6809496236247828,0.31411528624795837,0.44318181818134444,0.35454545454545133,0.5909090909090821,0.09143429125972728,98,0.2578947368421053,66,0.36363636363585816,84,0.6809496236247828,0.31411528624795837,0.44318181818134444,0.35454545454545133,0.5909090909090821,0.09143429125972728,98,0.2578947368421053,66,0.36363636363585816,84
20,500,ER,gaussian,1,0.6,random,0,False,0.0,VARLiNGAM,,2.2510364055633545,0.67578125,0.24658338090572604,0.4126984126978997,0.4193548387096639,0.4062499999999873,0.27728366586453085,37,0.09736842105263158,32,0.4062499999994873,38,0.7248600656243968,0.3492920781087015,0.5060240963850571,0.4199999999999958,0.6363636363636268,0.04436538653832494,82,0.21578947368421053,66,0.4242424242419179,76,0.7248600656243968,0.3492920781087015,0.5060240963850571,0.4199999999999958,0.6363636363636268,0.04436538653832494,82,0.21578947368421053,66,0.4242424242419179,76
20,500,ER,gaussian,1,0.6,random,0,False,0.0,NGC,,12.599092483520508,0.584051724137931,0.11214019091630069,0.1824817518246099,0.10330578512396651,0.7812499999999756,0.702997363392432,224,0.5894736842105263,32,0.15624999999949513,54,0.5241266164833044,0.17937067649495314,0.3065693430654223,0.18260869565217336,0.9545454545454402,0.653742771052835,285,0.75,66,0.15151515151464925,112,0.5241266164833044,0.17937067649495314,0.3065693430654223,0.18260869565217336,0.9545454545454402,0.653742771052835,285,0.75,66,0.15151515151464925,112
20,500,ER,gaussian,1,0.6,random,0,False,0.0,PRCD-MAP(NAM),1.0546631813049316,11120.475064754486,0.49236709770114945,0.09246965631369092,0.17475728155296638,0.1267605633802799,0.2812499999999912,3.6561331051498615e-06,85,0.2236842105263158,32,0.1249999999994961,56,0.6990928392202277,0.5133262563599225,0.5322580645156225,0.5689655172413695,0.49999999999999245,0.08967653995183245,58,0.15263157894736842,66,0.4999999999994924,66,0.6990928392202277,0.5133262563599225,0.5322580645156225,0.5689655172413695,0.49999999999999245,0.08967653995183245,58,0.15263157894736842,66,0.4999999999994924,66
20,500,ER,gaussian,1,0.6,random,1,False,0.0,PRCD-MAP(learn_tau),0.930003821849823,40.73206043243408,0.8488230519480521,0.5224901665876152,0.6666666666661427,0.6923076923076658,0.6428571428571199,0.2034137698274162,18,0.04736842105263158,28,0.6428571428566199,20,0.8556452027339535,0.6400258290867745,0.6607142857137779,0.7254901960784171,0.6065573770491703,0.09620921545891307,38,0.1,61,0.6229508196716209,46,0.8556452027339535,0.6400258290867745,0.6607142857137779,0.7254901960784171,0.6065573770491703,0.09620921545891307,38,0.1,61,0.6229508196716209,46
20,500,ER,gaussian,1,0.6,random,1,False,0.0,PRCD-MAP(fixed_tau),1.0,34.87310242652893,0.7974837662337663,0.4297452931438235,0.5614035087714102,0.5517241379310155,0.5714285714285511,0.20056021393243992,25,0.06578947368421052,28,0.5357142857137666,26,0.8237319492265791,0.5508256857964398,0.59999999999949,0.6101694915254133,0.5901639344262198,0.10505535015508757,48,0.12631578947368421,61,0.5901639344257198,50,0.8237319492265791,0.5508256857964398,0.59999999999949,0.6101694915254133,0.5901639344262198,0.10505535015508757,48,0.12631578947368421,61,0.5901639344257198,50
20,500,ER,gaussian,1,0.6,random,1,False,0.0,PRCD-MAP(no_l1_weight),1.3707462549209595,33.20060586929321,0.8999594155844156,0.6429668863786052,0.7931034482753354,0.7666666666666412,0.8214285714285421,0.11047618472995471,12,0.031578947368421054,28,0.7857142857137577,12,0.8930058070815561,0.7020616161488484,0.7304347826081847,0.7777777777777634,0.6885245901639231,0.09666666163871038,31,0.08157894736842106,61,0.7213114754093242,34,0.8930058070815561,0.7020616161488484,0.7304347826081847,0.7777777777777634,0.6885245901639231,0.09666666163871038,31,0.08157894736842106,61,0.7213114754093242,34
20,500,ER,gaussian,1,0.6,random,1,False,0.0,PRCD-MAP(uniform),0.5000005960464478,33.21662425994873,0.9627637987012987,0.8674067034691524,0.9285714285708955,0.9285714285713955,0.9285714285713955,0.10197480988861927,4,0.010526315789473684,28,0.9285714285708955,4,0.9258954725319903,0.7944037024334487,0.7747747747742658,0.8599999999999828,0.7049180327868737,0.10473088583155493,25,0.06578947368421052,61,0.7377049180322747,32,0.9258954725319903,0.7944037024334487,0.7747747747742658,0.8599999999999828,0.7049180327868737,0.10473088583155493,25,0.06578947368421052,61,0.7377049180322747,32
20,500,ER,gaussian,1,0.6,random,1,False,0.0,DYNOTEARS,,35.61598229408264,0.5405844155844155,0.30614091382936376,0.44444444444392867,0.4615384615384438,0.4285714285714133,0.3381483156477387,30,0.07894736842105263,28,0.42857142857091324,32,0.7682820288812374,0.4694787022683269,0.4931506849310136,0.42352941176470094,0.5901639344262198,0.11155408351265605,74,0.19473684210526315,61,0.4590163934421154,66,0.7682820288812374,0.4694787022683269,0.4931506849310136,0.42352941176470094,0.5901639344262198,0.11155408351265605,74,0.19473684210526315,61,0.4590163934421154,66
20,500,ER,gaussian,1,0.6,random,1,False,0.0,VARLiNGAM,,2.019934892654419,0.7670454545454546,0.36988644717069036,0.5483870967736805,0.4999999999999853,0.6071428571428354,0.19277560114235096,28,0.07368421052631578,28,0.4999999999994822,28,0.7795364612775579,0.46326697180968485,0.5833333333328369,0.5060240963855361,0.6885245901639231,0.08950295767323438,60,0.15789473684210525,61,0.508196721310967,60,0.7795364612775579,0.46326697180968485,0.5833333333328369,0.5060240963855361,0.6885245901639231,0.08950295767323438,60,0.15789473684210525,61,0.508196721310967,60
20,500,ER,gaussian,1,0.6,random,1,False,0.0,NGC,,12.34274411201477,0.45556006493506496,0.06754567204594591,0.1407035175878082,0.07567567567567547,0.9999999999999644,0.6114857717974103,342,0.9,28,0.03571428571378444,54,0.46780410093016084,0.1585578198509799,0.27981651376122585,0.1626666666666662,0.9999999999999836,0.584899433893175,314,0.8263157894736842,61,0.14754098360605497,104,0.46780410093016084,0.1585578198509799,0.27981651376122585,0.1626666666666662,0.9999999999999836,0.584899433893175,314,0.8263157894736842,61,0.14754098360605497,104
20,500,ER,gaussian,1,0.6,random,1,False,0.0,PRCD-MAP(NAM),0.12336865812540054,11918.897982597351,0.5253652597402597,0.10854040934545324,0.18518518518467902,0.19230769230768494,0.1785714285714222,3.8709344171457366e-06,44,0.11578947368421053,28,0.17857142857092223,46,0.7017832365486408,0.4543007393780662,0.47826086956471725,0.42857142857142305,0.5409836065573682,0.0751207963605622,72,0.18947368421052632,61,0.44262295081916486,68,0.7017832365486408,0.4543007393780662,0.47826086956471725,0.42857142857142305,0.5409836065573682,0.0751207963605622,72,0.18947368421052632,61,0.44262295081916486,68
20,500,ER,gaussian,1,0.6,random,2,False,0.0,PRCD-MAP(learn_tau),1.0007489919662476,45.969160079956055,0.9051966292134831,0.658129027051638,0.7499999999994689,0.7499999999999688,0.7499999999999688,0.13375945067285894,12,0.031578947368421054,24,0.7499999999994689,12,0.8817554722720115,0.7059826434008731,0.7454545454540324,0.7735849056603628,0.7192982456140224,0.10031958800464419,28,0.07368421052631578,57,0.7543859649117673,28,0.8817554722720115,0.7059826434008731,0.7454545454540324,0.7735849056603628,0.7192982456140224,0.10031958800464419,28,0.07368421052631578,57,0.7543859649117673,28
20,500,ER,gaussian,1,0.6,random,2,False,0.0,PRCD-MAP(fixed_tau),1.0,50.95648241043091,0.9135065543071161,0.683765442307194,0.8085106382973382,0.8260869565217033,0.7916666666666338,0.13185268370949443,9,0.02368421052631579,24,0.7916666666661337,10,0.881864102981913,0.7057606429764332,0.7474747474742438,0.88095238095236,0.6491228070175324,0.13185268370949443,25,0.06578947368421052,57,0.7368421052626449,30,0.881864102981913,0.7057606429764332,0.7474747474742438,0.88095238095236,0.6491228070175324,0.13185268370949443,25,0.06578947368421052,57,0.7368421052626449,30
20,500,ER,gaussian,1,0.6,random,2,False,0.0,PRCD-MAP(no_l1_weight),0.899901270866394,43.55756974220276,0.8680945692883896,0.5769935390891895,0.7199999999994721,0.6923076923076658,0.7499999999999688,0.12845282638492297,14,0.03684210526315789,24,0.6666666666661389,16,0.869262940633317,0.6520539146215064,0.7130434782603571,0.7068965517241257,0.7192982456140224,0.08656603517244808,33,0.0868421052631579,57,0.7017543859643999,34,0.869262940633317,0.6520539146215064,0.7130434782603571,0.7068965517241257,0.7192982456140224,0.08656603517244808,33,0.0868421052631579,57,0.7017543859643999,34
20,500,ER,gaussian,1,0.6,random,2,False,0.0,PRCD-MAP(uniform),0.5000005960464478,52.38571810722351,0.8500702247191011,0.6452851356848089,0.666666666666159,0.8666666666666089,0.5416666666666441,0.24485268155534062,13,0.034210526315789476,24,0.6666666666661389,16,0.8366194123078593,0.6661537205903704,0.6730769230764146,0.7446808510638139,0.6140350877192875,0.11820474281981962,34,0.08947368421052632,57,0.6491228070170324,40,0.8366194123078593,0.6661537205903704,0.6730769230764146,0.7446808510638139,0.6140350877192875,0.11820474281981962,34,0.08947368421052632,57,0.6491228070170324,40
20,500,ER,gaussian,1,0.6,random,2,False,0.0,DYNOTEARS,,70.14742374420166,0.36715823970037453,0.15436052700123232,0.2666666666661571,0.28571428571427215,0.2499999999999896,0.303613900539264,33,0.0868421052631579,24,0.24999999999948957,36,0.7653576666123513,0.345309114111021,0.44615384615334686,0.39726027397259733,0.5087719298245524,0.11650300834646178,72,0.18947368421052632,57,0.4035087719293175,68,0.7653576666123513,0.345309114111021,0.44615384615334686,0.39726027397259733,0.5087719298245524,0.11650300834646178,72,0.18947368421052632,57,0.4035087719293175,68
20,500,ER,gaussian,1,0.6,random,2,False,0.0,VARLiNGAM,,4.27485990524292,0.7466643258426966,0.3211320255513619,0.5306122448974376,0.5199999999999793,0.5416666666666441,0.1973011794985698,23,0.060526315789473685,24,0.541666666666144,22,0.7639997827385802,0.4172256245671204,0.5765765765760664,0.5925925925925816,0.5614035087719199,0.12009637012956423,47,0.12368421052631579,57,0.5614035087714199,50,0.7639997827385802,0.4172256245671204,0.5765765765760664,0.5925925925925816,0.5614035087719199,0.12009637012956423,47,0.12368421052631579,57,0.5614035087714199,50
20,500,ER,gaussian,1,0.6,random,2,False,0.0,NGC,,30.090835332870483,0.5120552434456929,0.06777148752915424,0.13194444444429076,0.0719696969696967,0.7916666666666338,0.6948751882093037,250,0.6578947368421053,24,0.041666666666164934,46,0.5233284449513878,0.15741028921258515,0.27414330218039157,0.16666666666666602,0.7719298245613899,0.6948751882093037,233,0.6131578947368421,57,0.14035087719248,98,0.5233284449513878,0.15741028921258515,0.27414330218039157,0.16666666666666602,0.7719298245613899,0.6948751882093037,233,0.6131578947368421,57,0.14035087719248,98
20,500,ER,gaussian,1,0.6,random,2,False,0.0,PRCD-MAP(NAM),0.7067840099334717,13835.822659492493,0.45049157303370785,0.05729304254168696,0.12041884816742085,0.06424581005586574,0.9583333333332935,2.7605640629482523e-06,336,0.8842105263157894,24,0.0,48,0.7415132257889306,0.5447814656813611,0.4888888888884135,0.6666666666666464,0.38596491228069496,0.1231029539851088,46,0.12105263157894737,57,0.47368421052580745,60,0.7415132257889306,0.5447814656813611,0.4888888888884135,0.6666666666666464,0.38596491228069496,0.1231029539851088,46,0.12105263157894737,57,0.47368421052580745,60
50,500,ER,gaussian,1,0.6,random,0,False,0.0,PRCD-MAP(learn_tau),1.524999976158142,34.41711974143982,0.9235820779227103,0.5253956159618889,0.583586626139319,0.6486486486486442,0.5303867403314888,0.071442486353256,137,0.05591836734693877,181,0.5580110497232538,160,0.7899016357166136,0.5288856584778272,0.554216867469382,0.6088235294117629,0.5085995085995073,0.05783439371454057,333,0.13591836734693877,407,0.5356265356260342,378,0.7899016357166136,0.5288856584778272,0.554216867469382,0.6088235294117629,0.5085995085995073,0.05783439371454057,333,0.13591836734693877,407,0.5356265356260342,378
50,500,ER,gaussian,1,0.6,random,0,False,0.0,PRCD-MAP(fixed_tau),1.0,28.53373885154724,0.8968830428864664,0.48264683127233643,0.5621301775142921,0.6050955414012701,0.5248618784530358,0.07979133770094446,148,0.060408163265306125,181,0.5469613259663478,164,0.7814518563417242,0.514005262348584,0.5340179717581646,0.5591397849462351,0.5110565110565097,0.06719270543237428,363,0.14816326530612245,407,0.5208845208840195,390,0.7814518563417242,0.514005262348584,0.5340179717581646,0.5591397849462351,0.5110565110565097,0.06719270543237428,363,0.14816326530612245,407,0.5208845208840195,390
50,500,ER,gaussian,1,0.6,random,0,False,0.0,PRCD-MAP(no_l1_weight),1.524999976158142,29.7840793132782,0.9191724151365144,0.530857422426014,0.6219512195116966,0.6938775510204035,0.5635359116022068,0.06939406026547877,124,0.05061224489795919,181,0.5690607734801598,156,0.7964981401104749,0.5395447081871214,0.5612535612530724,0.6677966101694892,0.4840294840294828,0.062313033707776855,308,0.12571428571428572,407,0.5380835380830367,376,0.7964981401104749,0.5395447081871214,0.5612535612530724,0.6677966101694892,0.4840294840294828,0.062313033707776855,308,0.12571428571428572,407,0.5380835380830367,376
50,500,ER,gaussian,1,0.6,random,0,False,0.0,PRCD-MAP(uniform),0.5000112056732178,29.791910648345947,0.8985290572671778,0.4459315249604238,0.5219941348968595,0.5562499999999966,0.49171270718231774,0.057313267909102704,163,0.06653061224489797,181,0.5138121546956297,176,0.7702792901030786,0.47891137875106665,0.505960264900164,0.5488505747126421,0.4692874692874681,0.062370320959905884,373,0.15224489795918367,407,0.4938574938569926,412,0.7702792901030786,0.47891137875106665,0.505960264900164,0.5488505747126421,0.4692874692874681,0.062370320959905884,373,0.15224489795918367,407,0.4938574938569926,412
50,500,ER,gaussian,1,0.6,random,0,False,0.0,DYNOTEARS,,68.26429963111877,0.3626564139774866,0.09260091605697815,0.1860465116274081,0.1747572815533972,0.1988950276243083,0.15412580966949463,315,0.12857142857142856,181,0.16574585635309025,302,0.5903095726884273,0.2312009592470932,0.32075471698069635,0.23583815028901706,0.5012285012284999,0.07252979278564453,864,0.3526530612244898,407,0.26781326781276715,596,0.5903095726884273,0.2312009592470932,0.32075471698069635,0.23583815028901706,0.5012285012284999,0.07252979278564453,864,0.3526530612244898,407,0.26781326781276715,596
50,500,ER,gaussian,1,0.6,random,0,False,0.0,VARLiNGAM,,30.794832229614258,0.7406455980072512,0.31241823028199356,0.47647058823479344,0.5094339622641477,0.44751381215469366,0.16003300340798512,178,0.07265306122448979,181,0.4696132596680057,192,0.688860265952777,0.35191418321974643,0.46578631452530944,0.45539906103286276,0.47665847665847544,0.04831185008542947,445,0.1816326530612245,407,0.45454545454495343,444,0.688860265952777,0.35191418321974643,0.46578631452530944,0.45539906103286276,0.47665847665847544,0.04831185008542947,445,0.1816326530612245,407,0.45454545454495343,444
50,500,ER,gaussian,1,0.6,random,0,False,0.0,NGC,,43.74829888343811,0.4904976758569136,0.08511355815427389,0.13811522319712424,0.07418032786885242,0.9999999999999944,0.3533114176898745,2259,0.9220408163265306,181,0.08287292817629512,332,0.48515636180834415,0.1645481724881169,0.2852137351083748,0.16632611360850014,0.9999999999999974,0.3333664183041558,2040,0.8326530612244898,407,0.15479115479065442,688,0.48515636180834415,0.1645481724881169,0.2852137351083748,0.16632611360850014,0.9999999999999974,0.3333664183041558,2040,0.8326530612244898,407,0.15479115479065442,688
50,500,ER,gaussian,1,0.6,random,1,False,0.0,PRCD-MAP(learn_tau),1.524999976158142,2.715200901031494,0.6866373501847806,0.22525708758006263,0.19718309859123653,0.512195121951207,0.12209302325581324,0.0009936019403850613,171,0.06979591836734694,172,0.27906976744135886,248,0.6737894515873795,0.362403249311292,0.37527114967413105,0.3258003766478336,0.44245524296675076,0.04321663268846483,576,0.23510204081632652,391,0.36828644501228675,494,0.6737894515873795,0.362403249311292,0.37527114967413105,0.3258003766478336,0.44245524296675076,0.04321663268846483,576,0.23510204081632652,391,0.36828644501228675,494
50,500,ER,gaussian,1,0.6,random,1,False,0.0,PRCD-MAP(fixed_tau),1.0,29.88477063179016,0.9069997141515406,0.5278479385578979,0.5914634146336439,0.6217948717948678,0.5639534883720898,0.07960007538148506,134,0.054693877551020405,172,0.5697674418599618,148,0.7852283468870371,0.5026033516239328,0.5096153846148851,0.4807256235827653,0.5421994884910472,0.05789096391380732,408,0.16653061224489796,391,0.5038363171350485,388,0.7852283468870371,0.5026033516239328,0.5096153846148851,0.4807256235827653,0.5421994884910472,0.05789096391380732,408,0.16653061224489796,391,0.5038363171350485,388
50,500,ER,gaussian,1,0.6,random,1,False,0.0,PRCD-MAP(no_l1_weight),1.4131605625152588,2.619297504425049,0.7117090675214895,0.2907908206307138,0.2683982683978857,0.5254237288135504,0.18023255813953384,0.0004698340991633621,169,0.06897959183673469,172,0.3953488372088001,208,0.6740664464785007,0.3628883804992669,0.37528604118943604,0.3395445134575562,0.4194373401534516,0.04553763291344571,546,0.22285714285714286,391,0.37084398976932004,492,0.6740664464785007,0.3628883804992669,0.37528604118943604,0.3395445134575562,0.4194373401534516,0.04553763291344571,546,0.22285714285714286,391,0.37084398976932004,492
50,500,ER,gaussian,1,0.6,random,1,False,0.0,PRCD-MAP(uniform),0.5928788781166077,1.3280069828033447,0.6939405231026808,0.2874898936617528,0.26724137930995906,0.5166666666666581,0.18023255813953384,0.00045379726730998435,170,0.06938775510204082,172,0.37209302325531174,216,0.6578616242831359,0.3483096674679628,0.3590391908970971,0.3549999999999991,0.36317135549872026,0.0550430063626275,507,0.2069387755102041,391,0.3529411764700873,506,0.6578616242831359,0.3483096674679628,0.3590391908970971,0.3549999999999991,0.36317135549872026,0.0550430063626275,507,0.2069387755102041,391,0.3529411764700873,506
50,500,ER,gaussian,1,0.6,random,1,False,0.0,DYNOTEARS,,68.15552401542664,0.3587347122118545,0.0956230561119064,0.23145400593421697,0.23636363636363494,0.2267441860465103,0.16608207219809143,259,0.10571428571428572,172,0.22674418604601032,266,0.6138778166840357,0.23494455963686606,0.31516936671534795,0.2213029989658736,0.5473145780051136,0.06643282887923657,930,0.3795918367346939,391,0.2890025575442563,556,0.6138778166840357,0.23494455963686606,0.31516936671534795,0.2213029989658736,0.5473145780051136,0.06643282887923657,930,0.3795918367346939,391,0.2890025575442563,556
50,500,ER,gaussian,1,0.6,random,1,False,0.0,VARLiNGAM,,29.005653142929077,0.7061886191477633,0.2657680908861023,0.4198895027619299,0.3999999999999979,0.4418604651162765,0.14338991846005006,210,0.08571428571428572,172,0.4011627906971721,206,0.6365851871081857,0.2821181930620733,0.3776397515522944,0.36714975845410536,0.3887468030690527,0.05438927941588105,501,0.20448979591836736,391,0.3734015345263533,490,0.6365851871081857,0.2821181930620733,0.3776397515522944,0.36714975845410536,0.3887468030690527,0.05438927941588105,501,0.20448979591836736,391,0.3734015345263533,490
50,500,ER,gaussian,1,0.6,random,1,False,0.0,NGC,,43.824960231781006,0.5462589582865426,0.0821687714483236,0.14468085106346049,0.09568480300187598,0.29651162790697505,0.48731828334942534,603,0.24612244897959185,172,0.09302325581345293,312,0.5072484470275218,0.16819444122832372,0.2754237288133211,0.1597705858254813,0.9974424552429642,0.3538858962418446,2052,0.8375510204081633,391,0.1713554987207272,648,0.5072484470275218,0.16819444122832372,0.2754237288133211,0.1597705858254813,0.9974424552429642,0.3538858962418446,2052,0.8375510204081633,391,0.1713554987207272,648
50,500,ER,gaussian,1,0.6,random,2,False,0.0,PRCD-MAP(learn_tau),1.524999976158142,34.449673652648926,0.9237138661136652,0.5761000679146372,0.6167664670653671,0.6645161290322538,0.5754189944134046,0.06615401662174782,128,0.052244897959183675,179,0.6033519553067592,142,0.7891013681592041,0.5420005946031774,0.5477707006364415,0.5613577023498679,0.5348258706467648,0.055863391813920374,355,0.14489795918367346,402,0.5447761194024836,366,0.7891013681592041,0.5420005946031774,0.5477707006364415,0.5613577023498679,0.5348258706467648,0.055863391813920374,355,0.14489795918367346,402,0.5447761194024836,366
50,500,ER,gaussian,1,0.6,random,2,False,0.0,PRCD-MAP(fixed_tau),1.0,39.089651584625244,0.9284960480579765,0.570979027211352,0.6180758017487685,0.6463414634146303,0.5921787709497174,0.07849456377364883,131,0.053469387755102044,179,0.6033519553067592,142,0.7949558846393036,0.5317684359968875,0.5255292652547913,0.5261845386533652,0.5248756218905459,0.06440579591684006,381,0.15551020408163266,402,0.5248756218900459,382,0.7949558846393036,0.5317684359968875,0.5255292652547913,0.5261845386533652,0.5248756218905459,0.06440579591684006,381,0.15551020408163266,402,0.5248756218900459,382
50,500,ER,gaussian,1,0.6,random,2,False,0.0,PRCD-MAP(no_l1_weight),1.524999976158142,32.403796911239624,0.9212784956790624,0.5509653610487821,0.6190476190471175,0.662420382165601,0.5810055865921755,0.06169324064973611,128,0.052244897959183675,179,0.5977653631279882,144,0.7891888215174129,0.5305919470824002,0.5433673469382745,0.5575916230366478,0.5298507462686554,0.055817693921189813,358,0.14612244897959184,402,0.5398009950243742,370,0.7891888215174129,0.5305919470824002,0.5433673469382745,0.5575916230366478,0.5298507462686554,0.055817693921189813,358,0.14612244897959184,402,0.5398009950243742,370
50,500,ER,gaussian,1,0.6,random,2,False,0.0,PRCD-MAP(uniform),0.5000005960464478,40.176799297332764,0.904294861860377,0.4924930866997972,0.569014084506539,0.5738636363636331,0.5642458100558628,0.060917738095000756,153,0.062448979591836734,179,0.5642458100553628,156,0.7646617984297264,0.48401225464667613,0.5199485199480192,0.5386666666666652,0.5024875621890534,0.060917738095000756,373,0.15224489795918367,402,0.5124378109447723,392,0.7646617984297264,0.48401225464667613,0.5199485199480192,0.5386666666666652,0.5024875621890534,0.060917738095000756,373,0.15224489795918367,402,0.5124378109447723,392
50,500,ER,gaussian,1,0.6,random,2,False,0.0,DYNOTEARS,,68.08048391342163,0.40908811367029996,0.110645023185512,0.2433862433857435,0.2311557788944712,0.25698324022346225,0.15817100318832014,286,0.11673469387755102,179,0.22346368715033676,278,0.5897210723725124,0.23540492784061617,0.32304526748922624,0.2754385964912276,0.39054726368159104,0.0998974756978864,658,0.26857142857142857,402,0.31094527363134,554,0.5897210723725124,0.23540492784061617,0.32304526748922624,0.2754385964912276,0.39054726368159104,0.0998974756978864,658,0.26857142857142857,402,0.31094527363134,554
50,500,ER,gaussian,1,0.6,random,2,False,0.0,VARLiNGAM,,30.111953020095825,0.7437276911458295,0.3415130907617262,0.48967551622368755,0.5187499999999968,0.46368715083798623,0.16197240241514402,173,0.07061224489795918,179,0.4692737430162572,190,0.6845812441697762,0.36051899657959974,0.455757575757075,0.44444444444444337,0.46766169154228737,0.06792391069022169,449,0.18326530612244898,402,0.4452736318402949,446,0.6845812441697762,0.36051899657959974,0.455757575757075,0.44444444444444337,0.46766169154228737,0.06792391069022169,449,0.18326530612244898,402,0.4452736318402949,446
50,500,ER,gaussian,1,0.6,random,2,False,0.0,NGC,,43.69053816795349,0.5395575497713458,0.07790015697863276,0.1498525073744422,0.08377308707124005,0.7094972067039067,0.44570406208086255,1441,0.5881632653061224,179,0.055865921787209186,338,0.521953222170398,0.16666422569828582,0.2885048835459492,0.1699115044247787,0.9552238805970125,0.4064596792561325,1894,0.773061224489796,402,0.14925373134278322,684,0.521953222170398,0.16666422569828582,0.2885048835459492,0.1699115044247787,0.9552238805970125,0.4064596792561325,1894,0.773061224489796,402,0.14925373134278322,684
100,500,ER,gaussian,1,0.6,random,0,False,0.0,PRCD-MAP(learn_tau),1.524999976158142,1.439798355102539,0.5224600375712493,0.09944394125884391,0.1457692307690923,0.07877780087299936,0.9742930591259628,4.778721357517918e-07,8884,0.8973737373737374,778,0.10668380462674922,1390,0.6075679121140736,0.2722175683103204,0.32651006711368336,0.22942702192879033,0.5660267597440369,0.021282749110130807,4014,0.40545454545454546,1719,0.2955206515410938,2422,0.6075679121140736,0.2722175683103204,0.32651006711368336,0.22942702192879033,0.5660267597440369,0.021282749110130807,4014,0.40545454545454546,1719,0.2955206515410938,2422
100,500,ER,gaussian,1,0.6,random,0,False,0.0,PRCD-MAP(fixed_tau),1.0,1.3986072540283203,0.5331358015228023,0.10140206535756335,0.14838108548783888,0.08158299180327867,0.8187660668380452,4.0195161305910825e-06,7312,0.7385858585858586,778,0.1156812339326618,1376,0.6069933604439236,0.27217790763484984,0.3251898316271933,0.22701083198893748,0.5730075625363581,0.020868025083637717,4088,0.4129292929292929,1719,0.2943571844090403,2426,0.6069933604439236,0.27217790763484984,0.3251898316271933,0.22701083198893748,0.5730075625363581,0.020868025083637717,4088,0.4129292929292929,1719,0.2943571844090403,2426
100,500,ER,gaussian,1,0.6,random,0,False,0.0,PRCD-MAP(no_l1_weight),1.524999976158142,1.3774316310882568,0.5183810827125472,0.09301355640089702,0.14638932496061247,0.07924367962608879,0.9588688946015411,9.417114720852979e-07,8700,0.8787878787878788,778,0.10925449871415281,1386,0.6075640722885551,0.27222157971662553,0.32651006711368336,0.22942702192879033,0.5660267597440369,0.021282287848055664,4014,0.40545454545454546,1719,0.2955206515410938,2422,0.6075640722885551,0.27222157971662553,0.32651006711368336,0.22942702192879033,0.5660267597440369,0.021282287848055664,4014,0.40545454545454546,1719,0.2955206515410938,2422
100,500,ER,gaussian,1,0.6,random,0,False,0.0,PRCD-MAP(uniform),0.5928788781166077,1.3825502395629883,0.518397286934212,0.09187461635273557,0.14682957657452825,0.07996787517209727,0.895886889460153,2.253384657857013e-06,8100,0.8181818181818182,778,0.10925449871415281,1386,0.5772888613274746,0.24639203902443862,0.30233522177661715,0.19826023921710761,0.6364165212332749,0.01573577860192438,5049,0.51,1719,0.2652705061077023,2526,0.5772888613274746,0.24639203902443862,0.30233522177661715,0.19826023921710761,0.6364165212332749,0.01573577860192438,5049,0.51,1719,0.2652705061077023,2526
100,500,ER,gaussian,1,0.6,random,0,False,0.0,DYNOTEARS,,71.13104748725891,0.47495250049458104,0.14781226517766322,0.2651222651217648,0.26546391752577286,0.26478149100257037,0.10271486939497329,1142,0.11535353535353535,778,0.2647814910020704,1144,0.5731398231931009,0.2451527858150303,0.30104370515289064,0.2091547699977339,0.536940081442699,0.056597989258454676,4286,0.43292929292929294,1719,0.28446771378658536,2460,0.5731398231931009,0.2451527858150303,0.30104370515289064,0.2091547699977339,0.536940081442699,0.056597989258454676,4286,0.43292929292929294,1719,0.28446771378658536,2460
100,500,ER,gaussian,1,0.6,random,0,False,0.0,VARLiNGAM,,218.29525995254517,0.6498732688959542,0.23927009147118442,0.3760058522306722,0.43633276740237614,0.330334190231362,0.0830764984150691,853,0.08616161616161616,778,0.349614395886389,1012,0.5793013209924185,0.2573064875840368,0.2958946553057122,0.17363636363636362,0.9999999999999994,0.0,8181,0.8263636363636364,1719,0.2931937172769868,2430,0.5793013209924185,0.2573064875840368,0.2958946553057122,0.17363636363636362,0.9999999999999994,0.0,8181,0.8263636363636364,1719,0.2931937172769868,2430
100,500,ER,gaussian,1,0.6,random,0,False,0.0,NGC,,113.42647910118103,0.4983375877634736,0.07903584030264638,0.14798694232847592,0.08016289786732396,0.9614395886889447,0.2813224344696831,8613,0.87,778,0.08611825192752046,1422,0.4930308588999938,0.17063454128735758,0.2960220423624135,0.1737241030823648,0.9999999999999994,0.23339342711558894,8176,0.8258585858585858,1719,0.1605584642228856,2886,0.4930308588999938,0.17063454128735758,0.2960220423624135,0.1737241030823648,0.9999999999999994,0.23339342711558894,8176,0.8258585858585858,1719,0.1605584642228856,2886
100,500,ER,gaussian,1,0.6,random,1,False,0.0,PRCD-MAP(learn_tau),1.524999976158142,1.4325072765350342,0.5216929821797295,0.08971268250690462,0.14052764152176514,0.07783815538258186,0.7220708446866475,5.958351268884656e-06,6483,0.6548484848484849,734,0.10762942779241538,1310,0.5992599561585543,0.24498067977685745,0.3112402396945164,0.22121837893649968,0.524800979791794,0.0231636008575334,3793,0.38313131313131316,1633,0.2633190447025005,2406,0.5992599561585543,0.24498067977685745,0.3112402396945164,0.22121837893649968,0.524800979791794,0.0231636008575334,3793,0.38313131313131316,1633,0.2633190447025005,2406
100,500,ER,gaussian,1,0.6,random,1,False,0.0,PRCD-MAP(fixed_tau),1.0,1.396805763244629,0.5244804279052844,0.08260352909865866,0.1413916697563546,0.07774908250645643,0.779291553133514,4.814438996883343e-06,6947,0.7017171717171717,734,0.09264305177061703,1332,0.5989050675588339,0.24485496861712208,0.3106690777572691,0.22042596869386702,0.5260257195345986,0.023004156336113437,3812,0.38505050505050503,1633,0.2633190447025005,2406,0.5989050675588339,0.24485496861712208,0.3106690777572691,0.22042596869386702,0.5260257195345986,0.023004156336113437,3812,0.38505050505050503,1633,0.2633190447025005,2406
100,500,ER,gaussian,1,0.6,random,1,False,0.0,PRCD-MAP(no_l1_weight),1.524999976158142,1.3905997276306152,0.5205117716760377,0.08577030931499903,0.14020056469658615,0.07549543881723811,0.9809264305177098,7.178306219228848e-07,8831,0.892020202020202,734,0.08174386920930915,1348,0.5992571783830398,0.2449775670815138,0.3112402396945164,0.22121837893649968,0.524800979791794,0.023162153273371597,3793,0.38313131313131316,1633,0.2633190447025005,2406,0.5992571783830398,0.2449775670815138,0.3112402396945164,0.22121837893649968,0.524800979791794,0.023162153273371597,3793,0.38313131313131316,1633,0.2633190447025005,2406
100,500,ER,gaussian,1,0.6,random,1,False,0.0,PRCD-MAP(uniform),0.5928788781166077,1.389005422592163,0.49936205417366986,0.08368689041559886,0.13956323006588534,0.07540335857754361,0.9359673024523147,1.4704414912448008e-06,8471,0.8556565656565657,734,0.0776566757488187,1354,0.5625472453318742,0.21841732793440208,0.2878823254724908,0.1778450887061878,0.7550520514390687,0.010251685677461288,6100,0.6161616161616161,1633,0.23086344151817717,2512,0.5625472453318742,0.21841732793440208,0.2878823254724908,0.1778450887061878,0.7550520514390687,0.010251685677461288,6100,0.6161616161616161,1633,0.23086344151817717,2512
100,500,ER,gaussian,1,0.6,random,1,False,0.0,DYNOTEARS,,71.71698546409607,0.520615519622631,0.19703244972385675,0.3057915057910142,0.3529411764705876,0.26975476839237017,0.12122532485717505,899,0.09080808080808081,734,0.29700272479513995,1032,0.5831270063409577,0.25349575912501,0.29647283126739865,0.242684354272337,0.3808940600122472,0.0808168832381167,2952,0.29818181818181816,1633,0.2804654011017656,2350,0.5831270063409577,0.25349575912501,0.29647283126739865,0.242684354272337,0.3808940600122472,0.0808168832381167,2952,0.29818181818181816,1633,0.2804654011017656,2350
100,500,ER,gaussian,1,0.6,random,1,False,0.0,VARLiNGAM,,220.51386213302612,0.6499556172824459,0.23309556133586679,0.375870069605077,0.43470483005366645,0.3310626702997271,0.07438788198665496,807,0.08151515151515151,734,0.3460490463210254,960,0.5774857516782764,0.24917892814678674,0.28318737535742616,0.16494949494949493,0.9999999999999994,0.0,8267,0.835050505050505,1633,0.28965094917280054,2320,0.5774857516782764,0.24917892814678674,0.28318737535742616,0.16494949494949493,0.9999999999999994,0.0,8267,0.835050505050505,1633,0.28965094917280054,2320
100,500,ER,gaussian,1,0.6,random,1,False,0.0,NGC,,112.97220134735107,0.48469063789231737,0.07255952922557213,0.13828884067527902,0.07428803080976992,0.9986376021798351,0.2481749608888099,9135,0.9227272727272727,734,0.07493188010849172,1358,0.49241796914091407,0.16281047184842948,0.28370028718102835,0.16534794075877457,0.9981628903857924,0.2502430855628833,8231,0.8314141414141414,1633,0.16411512553532356,2730,0.49241796914091407,0.16281047184842948,0.28370028718102835,0.16534794075877457,0.9981628903857924,0.2502430855628833,8231,0.8314141414141414,1633,0.16411512553532356,2730
100,500,ER,gaussian,1,0.6,random,2,False,0.0,PRCD-MAP(learn_tau),1.524999976158142,1.4154052734375,0.4926787218727289,0.08509270067609617,0.14236509758884394,0.07673267326732672,0.9841269841269827,4.0373414954938106e-07,8964,0.9054545454545454,756,0.09656084656034643,1366,0.5983017218029663,0.25367701128598885,0.307165861513242,0.23093220338983045,0.4585336538461536,0.02648401163031707,3442,0.3476767676767677,1664,0.27644230769180755,2408,0.5983017218029663,0.25367701128598885,0.307165861513242,0.23093220338983045,0.4585336538461536,0.02648401163031707,3442,0.3476767676767677,1664,0.27644230769180755,2408
100,500,ER,gaussian,1,0.6,random,2,False,0.0,PRCD-MAP(fixed_tau),1.0,1.3526270389556885,0.5216396561540918,0.08898765231442689,0.1438496117693711,0.07794508414526127,0.9312169312169299,1.6619005280280083e-06,8380,0.8464646464646465,756,0.08465608465558454,1384,0.5969041724651623,0.25344871757517107,0.3056061526002413,0.23039365273115647,0.4537259615384613,0.0263316228461625,3431,0.3465656565656566,1664,0.2776442307687306,2404,0.5969041724651623,0.25344871757517107,0.3056061526002413,0.23039365273115647,0.4537259615384613,0.0263316228461625,3431,0.3465656565656566,1664,0.2776442307687306,2404
100,500,ER,gaussian,1,0.6,random,2,False,0.0,PRCD-MAP(no_l1_weight),1.524999976158142,1.357226848602295,0.5197803688890741,0.08492644284976733,0.14461346113759188,0.07848902963130512,0.9179894179894168,1.988571207975061e-06,8210,0.8292929292929293,756,0.09259259259209246,1372,0.5983029622529608,0.25370670643539805,0.307165861513242,0.23093220338983045,0.4585336538461536,0.026482193913292047,3442,0.3476767676767677,1664,0.2770432692302691,2406,0.5983029622529608,0.25370670643539805,0.307165861513242,0.23093220338983045,0.4585336538461536,0.026482193913292047,3442,0.3476767676767677,1664,0.2770432692302691,2406
100,500,ER,gaussian,1,0.6,random,2,False,0.0,PRCD-MAP(uniform),0.5928788781166077,1.3577241897583008,0.5116877751392187,0.08121743415426236,0.14295614295600442,0.07726056714820759,0.9550264550264538,1.0987357049244434e-06,8657,0.8744444444444445,756,0.08068783068733057,1390,0.5660528676868906,0.23202294201483076,0.2902822882834578,0.1832229580573951,0.6983173076923073,0.012232631295170616,5682,0.573939393939394,1664,0.24999999999949984,2496,0.5660528676868906,0.23202294201483076,0.2902822882834578,0.1832229580573951,0.6983173076923073,0.012232631295170616,5682,0.573939393939394,1664,0.24999999999949984,2496
100,500,ER,gaussian,1,0.6,random,2,False,0.0,DYNOTEARS,,67.94642472267151,0.4830403144051438,0.14780629267952827,0.25918762088924857,0.25283018867924495,0.26587301587301554,0.10159690131494149,1149,0.11606060606060606,756,0.2566137566132563,1124,0.5874850343356558,0.24935818822722328,0.3053465346530234,0.22770230360307142,0.4633413461538459,0.06773126754329432,3508,0.35434343434343435,1664,0.2788461538456537,2400,0.5874850343356558,0.24935818822722328,0.3053465346530234,0.22770230360307142,0.4633413461538459,0.06773126754329432,3508,0.35434343434343435,1664,0.2788461538456537,2400
100,500,ER,gaussian,1,0.6,random,2,False,0.0,VARLiNGAM,,220.6491801738739,0.6601368116022535,0.23752656943267994,0.39761727475751174,0.45485519591141316,0.3531746031746027,0.052250593005833956,809,0.08171717171717172,756,0.3624338624333619,964,0.5864143435713752,0.254057755765259,0.3006644518268153,0.4865591397849456,0.21754807692307682,0.052250593005833956,1684,0.1701010101010101,1664,0.2740384615379614,2416,0.5864143435713752,0.254057755765259,0.3006644518268153,0.4865591397849456,0.21754807692307682,0.052250593005833956,1684,0.1701010101010101,1664,0.2740384615379614,2416
100,500,ER,gaussian,1,0.6,random,2,False,0.0,NGC,,107.4974958896637,0.5078986799103815,0.0786372995570791,0.14402751087272206,0.07797612528748218,0.9417989417989405,0.2857380341644862,8463,0.8548484848484849,756,0.07407407407357397,1400,0.5039951610775395,0.16930511292334927,0.2886010838612271,0.1703350319852542,0.9441105769230764,0.283605660775199,7745,0.7823232323232323,1664,0.16887019230719222,2766,0.5039951610775395,0.16930511292334927,0.2886010838612271,0.1703350319852542,0.9441105769230764,0.283605660775199,7745,0.7823232323232323,1664,0.16887019230719222,2766
